# protecto29sep.blend - geometria y escala preparadas para Unity
mtllib Paleta.mtl
o Aro_del_hoyo
v 1.474650 0.061500 1.125000
v 1.472629 0.066379 1.125000
v 1.467750 0.068400 1.125000
v 1.462871 0.066379 1.125000
v 1.460850 0.061500 1.125000
v 1.462871 0.056621 1.125000
v 1.467750 0.054600 1.125000
v 1.472629 0.056621 1.125000
v 1.473336 0.061500 1.138344
v 1.471354 0.066379 1.137950
v 1.466568 0.068400 1.136998
v 1.461783 0.066379 1.136046
v 1.459801 0.061500 1.135652
v 1.461783 0.056621 1.136046
v 1.466568 0.054600 1.136998
v 1.471354 0.056621 1.137950
v 1.469443 0.061500 1.151176
v 1.467576 0.066379 1.150402
v 1.463069 0.068400 1.148535
v 1.458561 0.066379 1.146668
v 1.456694 0.061500 1.145894
v 1.458561 0.056621 1.146668
v 1.463069 0.054600 1.148535
v 1.467576 0.056621 1.150402
v 1.463123 0.061500 1.163001
v 1.461442 0.066379 1.161878
v 1.457385 0.068400 1.159168
v 1.453329 0.066379 1.156457
v 1.451648 0.061500 1.155334
v 1.453329 0.056621 1.156457
v 1.457385 0.054600 1.159168
v 1.461442 0.056621 1.161878
v 1.454616 0.061500 1.173366
v 1.453187 0.066379 1.171937
v 1.449737 0.068400 1.168487
v 1.446287 0.066379 1.165037
v 1.444858 0.061500 1.163608
v 1.446287 0.056621 1.165037
v 1.449737 0.054600 1.168487
v 1.453187 0.056621 1.171937
v 1.444251 0.061500 1.181873
v 1.443128 0.066379 1.180192
v 1.440418 0.068400 1.176135
v 1.437707 0.066379 1.172079
v 1.436584 0.061500 1.170398
v 1.437707 0.056621 1.172079
v 1.440418 0.054600 1.176135
v 1.443128 0.056621 1.180192
v 1.432425 0.061500 1.188193
v 1.431652 0.066379 1.186326
v 1.429785 0.068400 1.181819
v 1.427918 0.066379 1.177311
v 1.427144 0.061500 1.175444
v 1.427918 0.056621 1.177311
v 1.429785 0.054600 1.181819
v 1.431652 0.056621 1.186326
v 1.419594 0.061500 1.192086
v 1.419200 0.066379 1.190104
v 1.418248 0.068400 1.185318
v 1.417296 0.066379 1.180533
v 1.416902 0.061500 1.178551
v 1.417296 0.056621 1.180533
v 1.418248 0.054600 1.185318
v 1.419200 0.056621 1.190104
v 1.406250 0.061500 1.193400
v 1.406250 0.066379 1.191379
v 1.406250 0.068400 1.186500
v 1.406250 0.066379 1.181621
v 1.406250 0.061500 1.179600
v 1.406250 0.056621 1.181621
v 1.406250 0.054600 1.186500
v 1.406250 0.056621 1.191379
v 1.392906 0.061500 1.192086
v 1.393300 0.066379 1.190104
v 1.394252 0.068400 1.185318
v 1.395204 0.066379 1.180533
v 1.395598 0.061500 1.178551
v 1.395204 0.056621 1.180533
v 1.394252 0.054600 1.185318
v 1.393300 0.056621 1.190104
v 1.380075 0.061500 1.188193
v 1.380848 0.066379 1.186326
v 1.382715 0.068400 1.181819
v 1.384582 0.066379 1.177311
v 1.385356 0.061500 1.175444
v 1.384582 0.056621 1.177311
v 1.382715 0.054600 1.181819
v 1.380848 0.056621 1.186326
v 1.368249 0.061500 1.181873
v 1.369372 0.066379 1.180192
v 1.372083 0.068400 1.176135
v 1.374793 0.066379 1.172079
v 1.375916 0.061500 1.170398
v 1.374793 0.056621 1.172079
v 1.372083 0.054600 1.176135
v 1.369372 0.056621 1.180192
v 1.357884 0.061500 1.173366
v 1.359313 0.066379 1.171937
v 1.362763 0.068400 1.168487
v 1.366213 0.066379 1.165037
v 1.367642 0.061500 1.163608
v 1.366213 0.056621 1.165037
v 1.362763 0.054600 1.168487
v 1.359313 0.056621 1.171937
v 1.349377 0.061500 1.163001
v 1.351058 0.066379 1.161878
v 1.355115 0.068400 1.159168
v 1.359171 0.066379 1.156457
v 1.360852 0.061500 1.155334
v 1.359171 0.056621 1.156457
v 1.355115 0.054600 1.159168
v 1.351058 0.056621 1.161878
v 1.343057 0.061500 1.151176
v 1.344924 0.066379 1.150402
v 1.349431 0.068400 1.148535
v 1.353939 0.066379 1.146668
v 1.355806 0.061500 1.145895
v 1.353939 0.056621 1.146668
v 1.349431 0.054600 1.148535
v 1.344924 0.056621 1.150402
v 1.339164 0.061500 1.138344
v 1.341146 0.066379 1.137950
v 1.345932 0.068400 1.136998
v 1.350717 0.066379 1.136046
v 1.352699 0.061500 1.135652
v 1.350717 0.056621 1.136046
v 1.345932 0.054600 1.136998
v 1.341146 0.056621 1.137950
v 1.337850 0.061500 1.125000
v 1.339871 0.066379 1.125000
v 1.344750 0.068400 1.125000
v 1.349629 0.066379 1.125000
v 1.351650 0.061500 1.125000
v 1.349629 0.056621 1.125000
v 1.344750 0.054600 1.125000
v 1.339871 0.056621 1.125000
v 1.339164 0.061500 1.111656
v 1.341146 0.066379 1.112050
v 1.345932 0.068400 1.113002
v 1.350717 0.066379 1.113954
v 1.352699 0.061500 1.114348
v 1.350717 0.056621 1.113954
v 1.345932 0.054600 1.113002
v 1.341146 0.056621 1.112050
v 1.343057 0.061500 1.098825
v 1.344924 0.066379 1.099598
v 1.349431 0.068400 1.101465
v 1.353939 0.066379 1.103332
v 1.355806 0.061500 1.104106
v 1.353939 0.056621 1.103332
v 1.349431 0.054600 1.101465
v 1.344924 0.056621 1.099598
v 1.349377 0.061500 1.086999
v 1.351058 0.066379 1.088122
v 1.355115 0.068400 1.090832
v 1.359171 0.066379 1.093543
v 1.360852 0.061500 1.094666
v 1.359171 0.056621 1.093543
v 1.355115 0.054600 1.090832
v 1.351058 0.056621 1.088122
v 1.357884 0.061500 1.076634
v 1.359313 0.066379 1.078063
v 1.362763 0.068400 1.081513
v 1.366213 0.066379 1.084963
v 1.367642 0.061500 1.086392
v 1.366213 0.056621 1.084963
v 1.362763 0.054600 1.081513
v 1.359313 0.056621 1.078063
v 1.368249 0.061500 1.068128
v 1.369372 0.066379 1.069808
v 1.372082 0.068400 1.073865
v 1.374793 0.066379 1.077921
v 1.375916 0.061500 1.079602
v 1.374793 0.056621 1.077921
v 1.372082 0.054600 1.073865
v 1.369372 0.056621 1.069808
v 1.380075 0.061500 1.061807
v 1.380848 0.066379 1.063674
v 1.382715 0.068400 1.068181
v 1.384582 0.066379 1.072689
v 1.385356 0.061500 1.074556
v 1.384582 0.056621 1.072689
v 1.382715 0.054600 1.068181
v 1.380848 0.056621 1.063674
v 1.392906 0.061500 1.057914
v 1.393300 0.066379 1.059896
v 1.394252 0.068400 1.064682
v 1.395204 0.066379 1.069467
v 1.395598 0.061500 1.071449
v 1.395204 0.056621 1.069467
v 1.394252 0.054600 1.064682
v 1.393300 0.056621 1.059896
v 1.406250 0.061500 1.056600
v 1.406250 0.066379 1.058621
v 1.406250 0.068400 1.063500
v 1.406250 0.066379 1.068379
v 1.406250 0.061500 1.070400
v 1.406250 0.056621 1.068379
v 1.406250 0.054600 1.063500
v 1.406250 0.056621 1.058621
v 1.419594 0.061500 1.057914
v 1.419200 0.066379 1.059896
v 1.418248 0.068400 1.064682
v 1.417296 0.066379 1.069467
v 1.416902 0.061500 1.071449
v 1.417296 0.056621 1.069467
v 1.418248 0.054600 1.064682
v 1.419200 0.056621 1.059896
v 1.432425 0.061500 1.061807
v 1.431652 0.066379 1.063674
v 1.429785 0.068400 1.068181
v 1.427918 0.066379 1.072689
v 1.427144 0.061500 1.074556
v 1.427918 0.056621 1.072689
v 1.429785 0.054600 1.068181
v 1.431652 0.056621 1.063674
v 1.444251 0.061500 1.068127
v 1.443128 0.066379 1.069808
v 1.440418 0.068400 1.073865
v 1.437707 0.066379 1.077921
v 1.436584 0.061500 1.079602
v 1.437707 0.056621 1.077921
v 1.440418 0.054600 1.073865
v 1.443128 0.056621 1.069808
v 1.454616 0.061500 1.076634
v 1.453187 0.066379 1.078063
v 1.449737 0.068400 1.081513
v 1.446287 0.066379 1.084963
v 1.444858 0.061500 1.086392
v 1.446287 0.056621 1.084963
v 1.449737 0.054600 1.081513
v 1.453187 0.056621 1.078063
v 1.463123 0.061500 1.086999
v 1.461442 0.066379 1.088122
v 1.457385 0.068400 1.090832
v 1.453329 0.066379 1.093543
v 1.451648 0.061500 1.094666
v 1.453329 0.056621 1.093543
v 1.457385 0.054600 1.090832
v 1.461442 0.056621 1.088122
v 1.469443 0.061500 1.098824
v 1.467576 0.066379 1.099598
v 1.463069 0.068400 1.101465
v 1.458561 0.066379 1.103332
v 1.456694 0.061500 1.104105
v 1.458561 0.056621 1.103332
v 1.463069 0.054600 1.101465
v 1.467576 0.056621 1.099598
v 1.473336 0.061500 1.111656
v 1.471354 0.066379 1.112050
v 1.466568 0.068400 1.113002
v 1.461783 0.066379 1.113954
v 1.459801 0.061500 1.114348
v 1.461783 0.056621 1.113954
v 1.466568 0.054600 1.113002
v 1.471354 0.056621 1.112050
usemtl M000_Borde_del_hoyo
f 2 10 9 1
f 3 11 10 2
f 4 12 11 3
f 5 13 12 4
f 6 14 13 5
f 7 15 14 6
f 8 16 15 7
f 1 9 16 8
f 10 18 17 9
f 11 19 18 10
f 12 20 19 11
f 13 21 20 12
f 14 22 21 13
f 15 23 22 14
f 16 24 23 15
f 9 17 24 16
f 18 26 25 17
f 19 27 26 18
f 20 28 27 19
f 21 29 28 20
f 22 30 29 21
f 23 31 30 22
f 24 32 31 23
f 17 25 32 24
f 26 34 33 25
f 27 35 34 26
f 28 36 35 27
f 29 37 36 28
f 30 38 37 29
f 31 39 38 30
f 32 40 39 31
f 25 33 40 32
f 34 42 41 33
f 35 43 42 34
f 36 44 43 35
f 37 45 44 36
f 38 46 45 37
f 39 47 46 38
f 40 48 47 39
f 33 41 48 40
f 42 50 49 41
f 43 51 50 42
f 44 52 51 43
f 45 53 52 44
f 46 54 53 45
f 47 55 54 46
f 48 56 55 47
f 41 49 56 48
f 50 58 57 49
f 51 59 58 50
f 52 60 59 51
f 53 61 60 52
f 54 62 61 53
f 55 63 62 54
f 56 64 63 55
f 49 57 64 56
f 58 66 65 57
f 59 67 66 58
f 60 68 67 59
f 61 69 68 60
f 62 70 69 61
f 63 71 70 62
f 64 72 71 63
f 57 65 72 64
f 66 74 73 65
f 67 75 74 66
f 68 76 75 67
f 69 77 76 68
f 70 78 77 69
f 71 79 78 70
f 72 80 79 71
f 65 73 80 72
f 74 82 81 73
f 75 83 82 74
f 76 84 83 75
f 77 85 84 76
f 78 86 85 77
f 79 87 86 78
f 80 88 87 79
f 73 81 88 80
f 82 90 89 81
f 83 91 90 82
f 84 92 91 83
f 85 93 92 84
f 86 94 93 85
f 87 95 94 86
f 88 96 95 87
f 81 89 96 88
f 90 98 97 89
f 91 99 98 90
f 92 100 99 91
f 93 101 100 92
f 94 102 101 93
f 95 103 102 94
f 96 104 103 95
f 89 97 104 96
f 98 106 105 97
f 99 107 106 98
f 100 108 107 99
f 101 109 108 100
f 102 110 109 101
f 103 111 110 102
f 104 112 111 103
f 97 105 112 104
f 106 114 113 105
f 107 115 114 106
f 108 116 115 107
f 109 117 116 108
f 110 118 117 109
f 111 119 118 110
f 112 120 119 111
f 105 113 120 112
f 114 122 121 113
f 115 123 122 114
f 116 124 123 115
f 117 125 124 116
f 118 126 125 117
f 119 127 126 118
f 120 128 127 119
f 113 121 128 120
f 122 130 129 121
f 123 131 130 122
f 124 132 131 123
f 125 133 132 124
f 126 134 133 125
f 127 135 134 126
f 128 136 135 127
f 121 129 136 128
f 130 138 137 129
f 131 139 138 130
f 132 140 139 131
f 133 141 140 132
f 134 142 141 133
f 135 143 142 134
f 136 144 143 135
f 129 137 144 136
f 138 146 145 137
f 139 147 146 138
f 140 148 147 139
f 141 149 148 140
f 142 150 149 141
f 143 151 150 142
f 144 152 151 143
f 137 145 152 144
f 146 154 153 145
f 147 155 154 146
f 148 156 155 147
f 149 157 156 148
f 150 158 157 149
f 151 159 158 150
f 152 160 159 151
f 145 153 160 152
f 154 162 161 153
f 155 163 162 154
f 156 164 163 155
f 157 165 164 156
f 158 166 165 157
f 159 167 166 158
f 160 168 167 159
f 153 161 168 160
f 162 170 169 161
f 163 171 170 162
f 164 172 171 163
f 165 173 172 164
f 166 174 173 165
f 167 175 174 166
f 168 176 175 167
f 161 169 176 168
f 170 178 177 169
f 171 179 178 170
f 172 180 179 171
f 173 181 180 172
f 174 182 181 173
f 175 183 182 174
f 176 184 183 175
f 169 177 184 176
f 178 186 185 177
f 179 187 186 178
f 180 188 187 179
f 181 189 188 180
f 182 190 189 181
f 183 191 190 182
f 184 192 191 183
f 177 185 192 184
f 186 194 193 185
f 187 195 194 186
f 188 196 195 187
f 189 197 196 188
f 190 198 197 189
f 191 199 198 190
f 192 200 199 191
f 185 193 200 192
f 194 202 201 193
f 195 203 202 194
f 196 204 203 195
f 197 205 204 196
f 198 206 205 197
f 199 207 206 198
f 200 208 207 199
f 193 201 208 200
f 202 210 209 201
f 203 211 210 202
f 204 212 211 203
f 205 213 212 204
f 206 214 213 205
f 207 215 214 206
f 208 216 215 207
f 201 209 216 208
f 210 218 217 209
f 211 219 218 210
f 212 220 219 211
f 213 221 220 212
f 214 222 221 213
f 215 223 222 214
f 216 224 223 215
f 209 217 224 216
f 218 226 225 217
f 219 227 226 218
f 220 228 227 219
f 221 229 228 220
f 222 230 229 221
f 223 231 230 222
f 224 232 231 223
f 217 225 232 224
f 226 234 233 225
f 227 235 234 226
f 228 236 235 227
f 229 237 236 228
f 230 238 237 229
f 231 239 238 230
f 232 240 239 231
f 225 233 240 232
f 234 242 241 233
f 235 243 242 234
f 236 244 243 235
f 237 245 244 236
f 238 246 245 237
f 239 247 246 238
f 240 248 247 239
f 233 241 248 240
f 242 250 249 241
f 243 251 250 242
f 244 252 251 243
f 245 253 252 244
f 246 254 253 245
f 247 255 254 246
f 248 256 255 247
f 241 249 256 248
f 250 2 1 249
f 251 3 2 250
f 252 4 3 251
f 253 5 4 252
f 254 6 5 253
f 255 7 6 254
f 256 8 7 255
f 249 1 8 256
o Banda_de_cesped_00
v -1.065000 0.012000 -1.650000
v 0.030000 0.012000 -1.650000
v 0.036000 0.012000 -1.602000
v -1.071000 0.012000 -1.602000
usemtl M001_Cesped_cortado_en_franjas
f 260 259 258 257
o Banda_de_cesped_01
v -1.050000 0.012000 -1.428000
v 0.000000 0.012000 -1.428000
v 0.012000 0.012000 -1.380000
v -1.059000 0.012000 -1.380000
usemtl M001_Cesped_cortado_en_franjas
f 264 263 262 261
o Banda_de_cesped_02
v -1.029000 0.012000 -1.236000
v 0.330000 0.012000 -1.236000
v 0.366000 0.012000 -1.188000
v -1.038000 0.012000 -1.188000
usemtl M001_Cesped_cortado_en_franjas
f 268 267 266 265
o Bandera_roja
v 1.413750 0.956250 1.125000
v 1.781250 0.855000 1.125000
v 1.413750 0.757500 1.125000
usemtl M002_Bandera_roja
f 271 270 269
o Borde_de_orilla
v 2.418750 0.024213 -0.137412
v 2.418750 0.018000 -0.084015
v 2.418750 0.010765 -0.050449
v 2.418750 -0.012000 -0.084015
v 2.418750 -0.018213 -0.137412
v 2.444804 0.031978 -0.289708
v 2.469083 0.028981 -0.210228
v 2.489932 0.024213 -0.141977
v 2.505930 0.018000 -0.089607
v 2.515986 0.010765 -0.056685
v 2.519417 0.003000 -0.045456
v 2.515986 -0.004765 -0.056685
v 2.505930 -0.012000 -0.089607
v 2.489932 -0.018213 -0.141977
v 2.469083 -0.022981 -0.210228
v 2.444804 -0.025978 -0.289708
v 2.469858 0.031978 -0.294656
v 2.517482 0.028981 -0.219788
v 2.558379 0.024213 -0.155497
v 2.589759 0.018000 -0.106165
v 2.609486 0.010765 -0.075154
v 2.616215 0.003000 -0.064577
v 2.609486 -0.004765 -0.075154
v 2.589759 -0.012000 -0.106165
v 2.558379 -0.018213 -0.155497
v 2.517482 -0.022981 -0.219788
v 2.469858 -0.025978 -0.294656
v 2.492947 0.031978 -0.302693
v 2.562087 0.028981 -0.235313
v 2.621459 0.024213 -0.177453
v 2.667017 0.018000 -0.133055
v 2.695656 0.010765 -0.105146
v 2.705424 0.003000 -0.095626
v 2.695656 -0.004765 -0.105146
v 2.667017 -0.012000 -0.133055
v 2.621459 -0.018213 -0.177453
v 2.562087 -0.022981 -0.235313
v 2.492947 -0.025978 -0.302693
v 2.513185 0.031978 -0.313508
v 2.601184 0.028981 -0.256206
v 2.676750 0.024213 -0.207000
v 2.734734 0.018000 -0.169243
v 2.771185 0.010765 -0.145508
v 2.783617 0.003000 -0.137412
v 2.771185 -0.004765 -0.145508
v 2.734734 -0.012000 -0.169243
v 2.676750 -0.018213 -0.207000
v 2.601184 -0.022981 -0.256206
v 2.513185 -0.025978 -0.313508
v 2.529793 0.031978 -0.326686
v 2.633269 0.028981 -0.281664
v 2.722126 0.024213 -0.243003
v 2.790308 0.018000 -0.213338
v 2.833169 0.010765 -0.194689
v 2.847788 0.003000 -0.188328
v 2.833169 -0.004765 -0.194689
v 2.790308 -0.012000 -0.213338
v 2.722126 -0.018213 -0.243003
v 2.633269 -0.022981 -0.281664
v 2.529793 -0.025978 -0.326686
v 2.542135 0.031978 -0.341721
v 2.657111 0.028981 -0.310709
v 2.755843 0.024213 -0.284079
v 2.831603 0.018000 -0.263645
v 2.879228 0.010765 -0.250800
v 2.895472 0.003000 -0.246418
v 2.879228 -0.004765 -0.250800
v 2.831603 -0.012000 -0.263645
v 2.755843 -0.018213 -0.284079
v 2.657111 -0.022981 -0.310709
v 2.542135 -0.025978 -0.341721
v 2.549734 0.031978 -0.358034
v 2.671793 0.028981 -0.342225
v 2.776606 0.024213 -0.328649
v 2.857033 0.018000 -0.318232
v 2.907591 0.010765 -0.311683
v 2.924835 0.003000 -0.309450
v 2.907591 -0.004765 -0.311683
v 2.857033 -0.012000 -0.318232
v 2.776606 -0.018213 -0.328649
v 2.671793 -0.022981 -0.342225
v 2.549734 -0.025978 -0.358034
v 2.552301 0.031978 -0.375000
v 2.676750 0.028981 -0.375000
v 2.783617 0.024213 -0.375000
v 2.865619 0.018000 -0.375000
v 2.917168 0.010765 -0.375000
v 2.934750 0.003000 -0.375000
v 2.917168 -0.004765 -0.375000
v 2.865619 -0.012000 -0.375000
v 2.783617 -0.018213 -0.375000
v 2.676750 -0.022981 -0.375000
v 2.552301 -0.025978 -0.375000
v 2.549734 0.031978 -0.391966
v 2.671793 0.028981 -0.407775
v 2.776606 0.024213 -0.421351
v 2.857032 0.018000 -0.431768
v 2.907591 0.010765 -0.438317
v 2.924835 0.003000 -0.440550
v 2.907591 -0.004765 -0.438317
v 2.857032 -0.012000 -0.431768
v 2.776606 -0.018213 -0.421351
v 2.671793 -0.022981 -0.407775
v 2.549734 -0.025978 -0.391966
v 2.542135 0.031978 -0.408279
v 2.657111 0.028981 -0.439291
v 2.755843 0.024213 -0.465921
v 2.831603 0.018000 -0.486355
v 2.879228 0.010765 -0.499200
v 2.895472 0.003000 -0.503582
v 2.879228 -0.004765 -0.499200
v 2.831603 -0.012000 -0.486355
v 2.755843 -0.018213 -0.465921
v 2.657111 -0.022981 -0.439291
v 2.542135 -0.025978 -0.408279
v 2.529793 0.031978 -0.423314
v 2.633269 0.028981 -0.468336
v 2.722126 0.024213 -0.506997
v 2.790308 0.018000 -0.536662
v 2.833169 0.010765 -0.555311
v 2.847788 0.003000 -0.561672
v 2.833169 -0.004765 -0.555311
v 2.790308 -0.012000 -0.536662
v 2.722126 -0.018213 -0.506997
v 2.633269 -0.022981 -0.468336
v 2.529793 -0.025978 -0.423314
v 2.513185 0.031978 -0.436492
v 2.601183 0.028981 -0.493794
v 2.676750 0.024213 -0.543000
v 2.734734 0.018000 -0.580757
v 2.771185 0.010765 -0.604492
v 2.783617 0.003000 -0.612588
v 2.771185 -0.004765 -0.604492
v 2.734734 -0.012000 -0.580757
v 2.676750 -0.018213 -0.543000
v 2.601183 -0.022981 -0.493794
v 2.513185 -0.025978 -0.436492
v 2.492947 0.031978 -0.447307
v 2.562087 0.028981 -0.514687
v 2.621459 0.024213 -0.572547
v 2.667017 0.018000 -0.616945
v 2.695656 0.010765 -0.644854
v 2.705424 0.003000 -0.654374
v 2.695656 -0.004765 -0.644854
v 2.667017 -0.012000 -0.616945
v 2.621459 -0.018213 -0.572547
v 2.562087 -0.022981 -0.514687
v 2.492947 -0.025978 -0.447307
v 2.469858 0.031978 -0.455343
v 2.517482 0.028981 -0.530212
v 2.558379 0.024213 -0.594503
v 2.589759 0.018000 -0.643835
v 2.609486 0.010765 -0.674846
v 2.616214 0.003000 -0.685423
v 2.609486 -0.004765 -0.674846
v 2.589759 -0.012000 -0.643835
v 2.558379 -0.018213 -0.594503
v 2.517482 -0.022981 -0.530212
v 2.469858 -0.025978 -0.455343
v 2.444804 0.031978 -0.460292
v 2.469083 0.028981 -0.539772
v 2.489932 0.024213 -0.608023
v 2.505930 0.018000 -0.660393
v 2.515986 0.010765 -0.693315
v 2.519417 0.003000 -0.704544
v 2.515986 -0.004765 -0.693315
v 2.505930 -0.012000 -0.660393
v 2.489932 -0.018213 -0.608023
v 2.469083 -0.022981 -0.539772
v 2.444804 -0.025978 -0.460292
v 2.418750 0.031978 -0.461963
v 2.418750 0.028981 -0.543000
v 2.418750 0.024213 -0.612588
v 2.418750 0.018000 -0.665984
v 2.418750 0.010765 -0.699551
v 2.418750 0.003000 -0.711000
v 2.418750 -0.004765 -0.699551
v 2.418750 -0.012000 -0.665984
v 2.418750 -0.018213 -0.612588
v 2.418750 -0.022981 -0.543000
v 2.418750 -0.025978 -0.461963
v 2.392696 0.031978 -0.460292
v 2.368417 0.028981 -0.539772
v 2.347568 0.024213 -0.608023
v 2.331570 0.018000 -0.660393
v 2.321514 0.010765 -0.693315
v 2.318083 0.003000 -0.704544
v 2.321514 -0.004765 -0.693315
v 2.331570 -0.012000 -0.660393
v 2.347568 -0.018213 -0.608023
v 2.368417 -0.022981 -0.539772
v 2.392696 -0.025978 -0.460292
v 2.367642 0.031978 -0.455343
v 2.320018 0.028981 -0.530212
v 2.279121 0.024213 -0.594503
v 2.247741 0.018000 -0.643835
v 2.228014 0.010765 -0.674846
v 2.221285 0.003000 -0.685423
v 2.228014 -0.004765 -0.674846
v 2.247741 -0.012000 -0.643835
v 2.279121 -0.018213 -0.594503
v 2.320018 -0.022981 -0.530212
v 2.367642 -0.025978 -0.455343
v 2.418750 -0.027000 -0.375000
v 2.344553 0.031978 -0.447307
v 2.275413 0.028981 -0.514687
v 2.216041 0.024213 -0.572547
v 2.170483 0.018000 -0.616945
v 2.141844 0.010765 -0.644854
v 2.132076 0.003000 -0.654374
v 2.141844 -0.004765 -0.644854
v 2.170483 -0.012000 -0.616945
v 2.216041 -0.018213 -0.572547
v 2.275413 -0.022981 -0.514687
v 2.344553 -0.025978 -0.447307
v 2.324316 0.031978 -0.436492
v 2.236317 0.028981 -0.493794
v 2.160750 0.024213 -0.543000
v 2.102766 0.018000 -0.580757
v 2.066316 0.010765 -0.604492
v 2.053883 0.003000 -0.612588
v 2.066316 -0.004765 -0.604492
v 2.102766 -0.012000 -0.580757
v 2.160750 -0.018213 -0.543000
v 2.236317 -0.022981 -0.493794
v 2.324316 -0.025978 -0.436492
v 2.307707 0.031978 -0.423314
v 2.204231 0.028981 -0.468336
v 2.115374 0.024213 -0.506997
v 2.047192 0.018000 -0.536662
v 2.004331 0.010765 -0.555311
v 1.989712 0.003000 -0.561671
v 2.004331 -0.004765 -0.555311
v 2.047192 -0.012000 -0.536662
v 2.115374 -0.018213 -0.506997
v 2.204231 -0.022981 -0.468336
v 2.307707 -0.025978 -0.423314
v 2.418750 0.033000 -0.375000
v 2.295365 0.031978 -0.408279
v 2.180389 0.028981 -0.439291
v 2.081657 0.024213 -0.465921
v 2.005897 0.018000 -0.486355
v 1.958272 0.010765 -0.499200
v 1.942028 0.003000 -0.503581
v 1.958272 -0.004765 -0.499200
v 2.005897 -0.012000 -0.486355
v 2.081657 -0.018213 -0.465921
v 2.180389 -0.022981 -0.439291
v 2.295365 -0.025978 -0.408279
v 2.287766 0.031978 -0.391966
v 2.165708 0.028981 -0.407775
v 2.060894 0.024213 -0.421351
v 1.980468 0.018000 -0.431768
v 1.929910 0.010765 -0.438317
v 1.912665 0.003000 -0.440550
v 1.929910 -0.004765 -0.438317
v 1.980468 -0.012000 -0.431768
v 2.060894 -0.018213 -0.421351
v 2.165708 -0.022981 -0.407775
v 2.287766 -0.025978 -0.391966
v 2.285199 0.031978 -0.375000
v 2.160750 0.028981 -0.375000
v 2.053883 0.024213 -0.375000
v 1.971881 0.018000 -0.375000
v 1.920333 0.010765 -0.375000
v 1.902750 0.003000 -0.375000
v 1.920333 -0.004765 -0.375000
v 1.971881 -0.012000 -0.375000
v 2.053883 -0.018213 -0.375000
v 2.160750 -0.022981 -0.375000
v 2.285199 -0.025978 -0.375000
v 2.287766 0.031978 -0.358034
v 2.165708 0.028981 -0.342225
v 2.060894 0.024213 -0.328649
v 1.980468 0.018000 -0.318232
v 1.929910 0.010765 -0.311683
v 1.912665 0.003000 -0.309450
v 1.929910 -0.004765 -0.311683
v 1.980468 -0.012000 -0.318232
v 2.060894 -0.018213 -0.328649
v 2.165708 -0.022981 -0.342225
v 2.287766 -0.025978 -0.358034
v 2.295365 0.031978 -0.341721
v 2.180389 0.028981 -0.310709
v 2.081657 0.024213 -0.284079
v 2.005897 0.018000 -0.263645
v 1.958273 0.010765 -0.250800
v 1.942029 0.003000 -0.246418
v 1.958273 -0.004765 -0.250800
v 2.005897 -0.012000 -0.263645
v 2.081657 -0.018213 -0.284079
v 2.180389 -0.022981 -0.310709
v 2.295365 -0.025978 -0.341721
v 2.307707 0.031978 -0.326686
v 2.204231 0.028981 -0.281664
v 2.115374 0.024213 -0.243003
v 2.047192 0.018000 -0.213338
v 2.004331 0.010765 -0.194689
v 1.989712 0.003000 -0.188328
v 2.004331 -0.004765 -0.194689
v 2.047192 -0.012000 -0.213338
v 2.115374 -0.018213 -0.243003
v 2.204231 -0.022981 -0.281664
v 2.307707 -0.025978 -0.326686
v 2.324316 0.031978 -0.313508
v 2.236317 0.028981 -0.256206
v 2.160750 0.024213 -0.207000
v 2.102766 0.018000 -0.169243
v 2.066316 0.010765 -0.145508
v 2.053883 0.003000 -0.137412
v 2.066316 -0.004765 -0.145508
v 2.102766 -0.012000 -0.169243
v 2.160750 -0.018213 -0.207000
v 2.236317 -0.022981 -0.256206
v 2.324316 -0.025978 -0.313508
v 2.344553 0.031978 -0.302693
v 2.275413 0.028981 -0.235313
v 2.216041 0.024213 -0.177453
v 2.170483 0.018000 -0.133055
v 2.141844 0.010765 -0.105146
v 2.132076 0.003000 -0.095626
v 2.141844 -0.004765 -0.105146
v 2.170483 -0.012000 -0.133055
v 2.216041 -0.018213 -0.177453
v 2.275413 -0.022981 -0.235313
v 2.344553 -0.025978 -0.302693
v 2.367642 0.031978 -0.294657
v 2.320018 0.028981 -0.219788
v 2.279121 0.024213 -0.155497
v 2.247741 0.018000 -0.106165
v 2.228014 0.010765 -0.075154
v 2.221286 0.003000 -0.064577
v 2.228014 -0.004765 -0.075154
v 2.247741 -0.012000 -0.106165
v 2.279121 -0.018213 -0.155497
v 2.320018 -0.022981 -0.219788
v 2.367642 -0.025978 -0.294657
v 2.392696 0.031978 -0.289708
v 2.368417 0.028981 -0.210228
v 2.347568 0.024213 -0.141977
v 2.331570 0.018000 -0.089607
v 2.321514 0.010765 -0.056685
v 2.318084 0.003000 -0.045457
v 2.321514 -0.004765 -0.056685
v 2.331570 -0.012000 -0.089607
v 2.347568 -0.018213 -0.141977
v 2.368417 -0.022981 -0.210228
v 2.392696 -0.025978 -0.289708
v 2.418750 0.031978 -0.288037
v 2.418750 0.028981 -0.207000
v 2.418750 0.003000 -0.039000
v 2.418750 -0.004765 -0.050449
v 2.418750 -0.022981 -0.207000
v 2.418750 -0.025978 -0.288037
usemtl M003_Orilla_del_estanque
f 283 282 622 623
f 280 279 272 273
f 287 286 624 625
f 277 509 620
f 284 283 623 275
f 281 280 273 274
f 287 625 475
f 278 277 620 621
f 285 284 275 276
f 282 281 274 622
f 279 278 621 272
f 286 285 276 624
f 298 287 475
f 289 288 277 278
f 296 295 284 285
f 293 292 281 282
f 290 289 278 279
f 297 296 285 286
f 294 293 282 283
f 291 290 279 280
f 298 297 286 287
f 288 509 277
f 295 294 283 284
f 292 291 280 281
f 302 301 290 291
f 309 308 297 298
f 299 509 288
f 306 305 294 295
f 303 302 291 292
f 309 298 475
f 300 299 288 289
f 307 306 295 296
f 304 303 292 293
f 301 300 289 290
f 308 307 296 297
f 305 304 293 294
f 312 311 300 301
f 319 318 307 308
f 316 315 304 305
f 313 312 301 302
f 320 319 308 309
f 310 509 299
f 317 316 305 306
f 314 313 302 303
f 320 309 475
f 311 310 299 300
f 318 317 306 307
f 315 314 303 304
f 325 324 313 314
f 331 320 475
f 322 321 310 311
f 329 328 317 318
f 326 325 314 315
f 323 322 311 312
f 330 329 318 319
f 327 326 315 316
f 324 323 312 313
f 331 330 319 320
f 321 509 310
f 328 327 316 317
f 335 334 323 324
f 342 341 330 331
f 332 509 321
f 339 338 327 328
f 336 335 324 325
f 342 331 475
f 333 332 321 322
f 340 339 328 329
f 337 336 325 326
f 334 333 322 323
f 341 340 329 330
f 338 337 326 327
f 348 347 336 337
f 345 344 333 334
f 352 351 340 341
f 349 348 337 338
f 346 345 334 335
f 353 352 341 342
f 343 509 332
f 350 349 338 339
f 347 346 335 336
f 353 342 475
f 344 343 332 333
f 351 350 339 340
f 358 357 346 347
f 364 353 475
f 355 354 343 344
f 362 361 350 351
f 359 358 347 348
f 356 355 344 345
f 363 362 351 352
f 360 359 348 349
f 357 356 345 346
f 364 363 352 353
f 354 509 343
f 361 360 349 350
f 371 370 359 360
f 368 367 356 357
f 375 374 363 364
f 365 509 354
f 372 371 360 361
f 369 368 357 358
f 375 364 475
f 366 365 354 355
f 373 372 361 362
f 370 369 358 359
f 367 366 355 356
f 374 373 362 363
f 381 380 369 370
f 378 377 366 367
f 385 384 373 374
f 382 381 370 371
f 379 378 367 368
f 386 385 374 375
f 376 509 365
f 383 382 371 372
f 380 379 368 369
f 386 375 475
f 377 376 365 366
f 384 383 372 373
f 394 393 382 383
f 391 390 379 380
f 397 386 475
f 388 387 376 377
f 395 394 383 384
f 392 391 380 381
f 389 388 377 378
f 396 395 384 385
f 393 392 381 382
f 390 389 378 379
f 397 396 385 386
f 387 509 376
f 404 403 392 393
f 401 400 389 390
f 408 407 396 397
f 398 509 387
f 405 404 393 394
f 402 401 390 391
f 408 397 475
f 399 398 387 388
f 406 405 394 395
f 403 402 391 392
f 400 399 388 389
f 407 406 395 396
f 417 416 405 406
f 414 413 402 403
f 411 410 399 400
f 418 417 406 407
f 415 414 403 404
f 412 411 400 401
f 419 418 407 408
f 409 509 398
f 416 415 404 405
f 413 412 401 402
f 419 408 475
f 410 409 398 399
f 420 509 409
f 427 426 415 416
f 424 423 412 413
f 430 419 475
f 421 420 409 410
f 428 427 416 417
f 425 424 413 414
f 422 421 410 411
f 429 428 417 418
f 426 425 414 415
f 423 422 411 412
f 430 429 418 419
f 440 439 428 429
f 437 436 425 426
f 434 433 422 423
f 441 440 429 430
f 431 509 420
f 438 437 426 427
f 435 434 423 424
f 441 430 475
f 432 431 420 421
f 439 438 427 428
f 436 435 424 425
f 433 432 421 422
f 443 442 431 432
f 450 449 438 439
f 447 446 435 436
f 444 443 432 433
f 451 450 439 440
f 448 447 436 437
f 445 444 433 434
f 452 451 440 441
f 442 509 431
f 449 448 437 438
f 446 445 434 435
f 452 441 475
f 463 462 451 452
f 453 509 442
f 460 459 448 449
f 457 456 445 446
f 463 452 475
f 454 453 442 443
f 461 460 449 450
f 458 457 446 447
f 455 454 443 444
f 462 461 450 451
f 459 458 447 448
f 456 455 444 445
f 466 465 454 455
f 473 472 461 462
f 470 469 458 459
f 467 466 455 456
f 474 473 462 463
f 464 509 453
f 471 470 459 460
f 468 467 456 457
f 474 463 475
f 465 464 453 454
f 472 471 460 461
f 469 468 457 458
f 486 474 475
f 477 476 464 465
f 484 483 471 472
f 481 480 468 469
f 478 477 465 466
f 485 484 472 473
f 482 481 469 470
f 479 478 466 467
f 486 485 473 474
f 476 509 464
f 483 482 470 471
f 480 479 467 468
f 490 489 478 479
f 497 496 485 486
f 487 509 476
f 494 493 482 483
f 491 490 479 480
f 497 486 475
f 488 487 476 477
f 495 494 483 484
f 492 491 480 481
f 489 488 477 478
f 496 495 484 485
f 493 492 481 482
f 500 499 488 489
f 507 506 495 496
f 504 503 492 493
f 501 500 489 490
f 508 507 496 497
f 498 509 487
f 505 504 493 494
f 502 501 490 491
f 508 497 475
f 499 498 487 488
f 506 505 494 495
f 503 502 491 492
f 514 513 501 502
f 520 508 475
f 511 510 498 499
f 518 517 505 506
f 515 514 502 503
f 512 511 499 500
f 519 518 506 507
f 516 515 503 504
f 513 512 500 501
f 520 519 507 508
f 510 509 498
f 517 516 504 505
f 524 523 512 513
f 531 530 519 520
f 521 509 510
f 528 527 516 517
f 525 524 513 514
f 531 520 475
f 522 521 510 511
f 529 528 517 518
f 526 525 514 515
f 523 522 511 512
f 530 529 518 519
f 527 526 515 516
f 537 536 525 526
f 534 533 522 523
f 541 540 529 530
f 538 537 526 527
f 535 534 523 524
f 542 541 530 531
f 532 509 521
f 539 538 527 528
f 536 535 524 525
f 542 531 475
f 533 532 521 522
f 540 539 528 529
f 547 546 535 536
f 553 542 475
f 544 543 532 533
f 551 550 539 540
f 548 547 536 537
f 545 544 533 534
f 552 551 540 541
f 549 548 537 538
f 546 545 534 535
f 553 552 541 542
f 543 509 532
f 550 549 538 539
f 560 559 548 549
f 557 556 545 546
f 564 563 552 553
f 554 509 543
f 561 560 549 550
f 558 557 546 547
f 564 553 475
f 555 554 543 544
f 562 561 550 551
f 559 558 547 548
f 556 555 544 545
f 563 562 551 552
f 570 569 558 559
f 567 566 555 556
f 574 573 562 563
f 571 570 559 560
f 568 567 556 557
f 575 574 563 564
f 565 509 554
f 572 571 560 561
f 569 568 557 558
f 575 564 475
f 566 565 554 555
f 573 572 561 562
f 583 582 571 572
f 580 579 568 569
f 586 575 475
f 577 576 565 566
f 584 583 572 573
f 581 580 569 570
f 578 577 566 567
f 585 584 573 574
f 582 581 570 571
f 579 578 567 568
f 586 585 574 575
f 576 509 565
f 593 592 581 582
f 590 589 578 579
f 597 596 585 586
f 587 509 576
f 594 593 582 583
f 591 590 579 580
f 597 586 475
f 588 587 576 577
f 595 594 583 584
f 592 591 580 581
f 589 588 577 578
f 596 595 584 585
f 606 605 594 595
f 603 602 591 592
f 600 599 588 589
f 607 606 595 596
f 604 603 592 593
f 601 600 589 590
f 608 607 596 597
f 598 509 587
f 605 604 593 594
f 602 601 590 591
f 608 597 475
f 599 598 587 588
f 609 509 598
f 616 615 604 605
f 613 612 601 602
f 619 608 475
f 610 609 598 599
f 617 616 605 606
f 614 613 602 603
f 611 610 599 600
f 618 617 606 607
f 615 614 603 604
f 612 611 600 601
f 619 618 607 608
f 624 276 617 618
f 623 622 614 615
f 273 272 611 612
f 625 624 618 619
f 620 509 609
f 275 623 615 616
f 274 273 612 613
f 625 619 475
f 621 620 609 610
f 276 275 616 617
f 622 274 613 614
f 272 621 610 611
o Borde_de_rough
v -1.332375 -0.002250 -2.194500
v -0.078375 -0.002250 -2.194500
v 0.391875 -0.002250 -1.371563
v 0.940500 -0.002250 -0.705375
v 0.391875 -0.002250 0.039188
v 0.940500 -0.002250 0.548625
v 1.881000 -0.002250 0.783750
v 2.233687 -0.002250 1.254000
v 1.606688 -0.002250 1.606688
v 0.627000 -0.002250 1.371563
v -0.039188 -0.002250 0.940500
v -0.627000 -0.002250 0.352687
v -0.235125 -0.002250 -0.235125
v -1.097250 -0.002250 -0.979687
v -1.332375 -0.011625 -2.194500
v -0.078375 -0.011625 -2.194500
v 0.391875 -0.011625 -1.371563
v 0.940500 -0.011625 -0.705375
v 0.391875 -0.011625 0.039188
v 0.940500 -0.011625 0.548625
v 1.881000 -0.011625 0.783750
v 2.233687 -0.011625 1.254000
v 1.606688 -0.011625 1.606688
v 0.627000 -0.011625 1.371563
v -0.039188 -0.011625 0.940500
v -0.627000 -0.011625 0.352687
v -0.235125 -0.011625 -0.235125
v -1.097250 -0.011625 -0.979687
usemtl M004_Rough_recortado
f 639 638 637 636 635 634 633 632 631 630 629 628 627 626
f 641 642 643 644 645 646 647 648 649 650 651 652 653 640
f 640 653 639 626
f 641 640 626 627
f 642 641 627 628
f 643 642 628 629
f 644 643 629 630
f 645 644 630 631
f 646 645 631 632
f 647 646 632 633
f 648 647 633 634
f 649 648 634 635
f 650 649 635 636
f 651 650 636 637
f 652 651 637 638
f 653 652 638 639
o Bunker_derecho
v 1.875000 0.024000 1.676250
v 1.875000 -0.011665 1.567420
v 1.899594 0.059665 1.565762
v 1.921780 0.054338 1.608172
v 1.939387 0.046042 1.641828
v 1.950692 0.035588 1.663437
v 1.954587 0.024000 1.670883
v 1.950692 0.012412 1.663437
v 1.939387 0.001958 1.641828
v 1.921780 -0.006338 1.608172
v 1.899594 -0.011665 1.565762
v 1.922511 0.059665 1.560900
v 1.965372 0.054338 1.598923
v 1.999386 0.046042 1.629099
v 2.021225 0.035588 1.648473
v 2.028750 0.024000 1.655149
v 2.021225 0.012412 1.648473
v 1.999386 0.001958 1.629099
v 1.965372 -0.006338 1.598923
v 1.922511 -0.011665 1.560900
v 1.942191 0.059665 1.553165
v 2.002805 0.054338 1.584211
v 2.050909 0.046042 1.608850
v 2.081793 0.035588 1.624669
v 2.092435 0.024000 1.630119
v 2.081793 0.012412 1.624669
v 2.050909 0.001958 1.608850
v 2.002805 -0.006338 1.584211
v 1.942191 -0.011665 1.553165
v 1.957292 0.059665 1.543085
v 2.031529 0.054338 1.565038
v 2.090443 0.046042 1.582460
v 2.128269 0.035588 1.593646
v 2.141303 0.024000 1.597500
v 2.128269 0.012412 1.593646
v 2.090443 0.001958 1.582460
v 2.031529 -0.006338 1.565038
v 1.957292 -0.011665 1.543085
v 1.966785 0.059665 1.531347
v 2.049585 0.054338 1.542710
v 2.115296 0.046042 1.551729
v 2.157485 0.035588 1.557519
v 2.172022 0.024000 1.559514
v 2.157485 0.012412 1.557519
v 2.115296 0.001958 1.551729
v 2.049585 -0.006338 1.542710
v 1.966785 -0.011665 1.531347
v 1.970023 0.059665 1.518750
v 2.055744 0.054338 1.518750
v 2.123773 0.046042 1.518750
v 2.167450 0.035588 1.518750
v 2.182500 0.024000 1.518750
v 2.167450 0.012412 1.518750
v 2.123773 0.001958 1.518750
v 2.055744 -0.006338 1.518750
v 1.970023 -0.011665 1.518750
v 1.966785 0.059665 1.506153
v 2.049585 0.054338 1.494790
v 2.115296 0.046042 1.485771
v 2.157485 0.035588 1.479981
v 2.172022 0.024000 1.477986
v 2.157485 0.012412 1.479981
v 2.115296 0.001958 1.485771
v 2.049585 -0.006338 1.494790
v 1.966785 -0.011665 1.506153
v 1.957292 0.059665 1.494415
v 2.031529 0.054338 1.472462
v 2.090443 0.046042 1.455040
v 2.128269 0.035588 1.443854
v 2.141303 0.024000 1.440000
v 2.128269 0.012412 1.443854
v 2.090443 0.001958 1.455040
v 2.031529 -0.006338 1.472462
v 1.957292 -0.011665 1.494415
v 1.942191 0.059665 1.484335
v 2.002805 0.054338 1.453289
v 2.050909 0.046042 1.428650
v 2.081793 0.035588 1.412831
v 2.092435 0.024000 1.407381
v 2.081793 0.012412 1.412831
v 2.050909 0.001958 1.428650
v 2.002805 -0.006338 1.453289
v 1.942191 -0.011665 1.484335
v 1.922511 0.059665 1.476600
v 1.965372 0.054338 1.438577
v 1.999386 0.046042 1.408401
v 2.021225 0.035588 1.389027
v 2.028750 0.024000 1.382351
v 2.021225 0.012412 1.389027
v 1.999386 0.001958 1.408401
v 1.965372 -0.006338 1.438577
v 1.922511 -0.011665 1.476600
v 1.899594 0.059665 1.471738
v 1.921780 0.054338 1.429328
v 1.939387 0.046042 1.395672
v 1.950692 0.035588 1.374063
v 1.954587 0.024000 1.366617
v 1.950692 0.012412 1.374063
v 1.939387 0.001958 1.395672
v 1.921780 -0.006338 1.429328
v 1.899594 -0.011665 1.471738
v 1.875000 0.059665 1.470080
v 1.875000 0.054338 1.426174
v 1.875000 0.046042 1.391330
v 1.875000 0.035588 1.368959
v 1.875000 0.024000 1.361250
v 1.875000 0.012412 1.368959
v 1.875000 0.001958 1.391330
v 1.875000 -0.006338 1.426174
v 1.875000 -0.011665 1.470080
v 1.850406 0.059665 1.471738
v 1.828220 0.054338 1.429328
v 1.810613 0.046042 1.395672
v 1.799308 0.035588 1.374063
v 1.795413 0.024000 1.366617
v 1.799308 0.012412 1.374063
v 1.810613 0.001958 1.395672
v 1.828220 -0.006338 1.429328
v 1.850406 -0.011665 1.471738
v 1.875000 0.061500 1.518750
v 1.827489 0.059665 1.476600
v 1.784628 0.054338 1.438577
v 1.750614 0.046042 1.408401
v 1.728775 0.035588 1.389027
v 1.721250 0.024000 1.382351
v 1.728775 0.012412 1.389027
v 1.750614 0.001958 1.408401
v 1.784628 -0.006338 1.438577
v 1.827489 -0.011665 1.476600
v 1.807809 0.059665 1.484335
v 1.747195 0.054338 1.453289
v 1.699091 0.046042 1.428650
v 1.668207 0.035588 1.412831
v 1.657565 0.024000 1.407381
v 1.668207 0.012412 1.412831
v 1.699091 0.001958 1.428650
v 1.747195 -0.006338 1.453289
v 1.807809 -0.011665 1.484335
v 1.792708 0.059665 1.494415
v 1.718471 0.054338 1.472462
v 1.659557 0.046042 1.455040
v 1.621731 0.035588 1.443854
v 1.608697 0.024000 1.440000
v 1.621731 0.012412 1.443854
v 1.659557 0.001958 1.455040
v 1.718471 -0.006338 1.472462
v 1.792708 -0.011665 1.494415
v 1.875000 -0.013500 1.518750
v 1.783215 0.059665 1.506153
v 1.700415 0.054338 1.494790
v 1.634704 0.046042 1.485771
v 1.592515 0.035588 1.479981
v 1.577978 0.024000 1.477986
v 1.592515 0.012412 1.479981
v 1.634704 0.001958 1.485771
v 1.700415 -0.006338 1.494790
v 1.783215 -0.011665 1.506153
v 1.779977 0.059665 1.518750
v 1.694256 0.054338 1.518750
v 1.626227 0.046042 1.518750
v 1.582550 0.035588 1.518750
v 1.567500 0.024000 1.518750
v 1.582550 0.012412 1.518750
v 1.626227 0.001958 1.518750
v 1.694256 -0.006338 1.518750
v 1.779977 -0.011665 1.518750
v 1.783215 0.059665 1.531347
v 1.700415 0.054338 1.542710
v 1.634704 0.046042 1.551729
v 1.592515 0.035588 1.557519
v 1.577978 0.024000 1.559514
v 1.592515 0.012412 1.557519
v 1.634704 0.001958 1.551729
v 1.700415 -0.006338 1.542710
v 1.783215 -0.011665 1.531347
v 1.792708 0.059665 1.543085
v 1.718471 0.054338 1.565038
v 1.659557 0.046042 1.582460
v 1.621731 0.035588 1.593646
v 1.608697 0.024000 1.597500
v 1.621731 0.012412 1.593646
v 1.659557 0.001958 1.582460
v 1.718471 -0.006338 1.565038
v 1.792708 -0.011665 1.543085
v 1.807809 0.059665 1.553165
v 1.747195 0.054338 1.584211
v 1.699091 0.046042 1.608850
v 1.668207 0.035588 1.624669
v 1.657565 0.024000 1.630119
v 1.668207 0.012412 1.624669
v 1.699091 0.001958 1.608850
v 1.747195 -0.006338 1.584211
v 1.807809 -0.011665 1.553165
v 1.827489 0.059665 1.560900
v 1.784628 0.054338 1.598923
v 1.750614 0.046042 1.629099
v 1.728775 0.035588 1.648473
v 1.721250 0.024000 1.655149
v 1.728775 0.012412 1.648473
v 1.750614 0.001958 1.629099
v 1.784628 -0.006338 1.598923
v 1.827489 -0.011665 1.560900
v 1.850406 0.059665 1.565762
v 1.828220 0.054338 1.608172
v 1.810613 0.046042 1.641828
v 1.799308 0.035588 1.663437
v 1.795413 0.024000 1.670883
v 1.799308 0.012412 1.663437
v 1.810613 0.001958 1.641828
v 1.828220 -0.006338 1.608172
v 1.850406 -0.011665 1.565762
v 1.875000 0.059665 1.567420
v 1.875000 0.054338 1.611326
v 1.875000 0.046042 1.646170
v 1.875000 0.035588 1.668541
v 1.875000 0.012412 1.668541
v 1.875000 0.001958 1.646170
v 1.875000 -0.006338 1.611326
usemtl M005_Arena
f 664 663 871 655
f 661 660 654 869
f 658 657 866 867
f 664 655 801
f 662 661 869 870
f 659 658 867 868
f 656 773 865
f 663 662 870 871
f 660 659 868 654
f 657 656 865 866
f 670 669 660 661
f 667 666 657 658
f 673 664 801
f 671 670 661 662
f 668 667 658 659
f 665 773 656
f 672 671 662 663
f 669 668 659 660
f 666 665 656 657
f 673 672 663 664
f 675 674 665 666
f 682 681 672 673
f 679 678 669 670
f 676 675 666 667
f 682 673 801
f 680 679 670 671
f 677 676 667 668
f 674 773 665
f 681 680 671 672
f 678 677 668 669
f 690 689 680 681
f 687 686 677 678
f 684 683 674 675
f 691 690 681 682
f 688 687 678 679
f 685 684 675 676
f 691 682 801
f 689 688 679 680
f 686 685 676 677
f 683 773 674
f 695 694 685 686
f 692 773 683
f 699 698 689 690
f 696 695 686 687
f 693 692 683 684
f 700 699 690 691
f 697 696 687 688
f 694 693 684 685
f 700 691 801
f 698 697 688 689
f 707 706 697 698
f 704 703 694 695
f 701 773 692
f 708 707 698 699
f 705 704 695 696
f 702 701 692 693
f 709 708 699 700
f 706 705 696 697
f 703 702 693 694
f 709 700 801
f 712 711 702 703
f 718 709 801
f 716 715 706 707
f 713 712 703 704
f 710 773 701
f 717 716 707 708
f 714 713 704 705
f 711 710 701 702
f 718 717 708 709
f 715 714 705 706
f 727 726 717 718
f 724 723 714 715
f 721 720 711 712
f 727 718 801
f 725 724 715 716
f 722 721 712 713
f 719 773 710
f 726 725 716 717
f 723 722 713 714
f 720 719 710 711
f 732 731 722 723
f 729 728 719 720
f 736 735 726 727
f 733 732 723 724
f 730 729 720 721
f 736 727 801
f 734 733 724 725
f 731 730 721 722
f 728 773 719
f 735 734 725 726
f 737 773 728
f 744 743 734 735
f 741 740 731 732
f 738 737 728 729
f 745 744 735 736
f 742 741 732 733
f 739 738 729 730
f 745 736 801
f 743 742 733 734
f 740 739 730 731
f 749 748 739 740
f 746 773 737
f 753 752 743 744
f 750 749 740 741
f 747 746 737 738
f 754 753 744 745
f 751 750 741 742
f 748 747 738 739
f 754 745 801
f 752 751 742 743
f 763 754 801
f 761 760 751 752
f 758 757 748 749
f 755 773 746
f 762 761 752 753
f 759 758 749 750
f 756 755 746 747
f 763 762 753 754
f 760 759 750 751
f 757 756 747 748
f 769 768 759 760
f 766 765 756 757
f 772 763 801
f 770 769 760 761
f 767 766 757 758
f 764 773 755
f 771 770 761 762
f 768 767 758 759
f 765 764 755 756
f 772 771 762 763
f 775 774 764 765
f 782 781 771 772
f 779 778 768 769
f 776 775 765 766
f 782 772 801
f 780 779 769 770
f 777 776 766 767
f 774 773 764
f 781 780 770 771
f 778 777 767 768
f 787 786 777 778
f 784 783 774 775
f 791 790 781 782
f 788 787 778 779
f 785 784 775 776
f 791 782 801
f 789 788 779 780
f 786 785 776 777
f 783 773 774
f 790 789 780 781
f 792 773 783
f 799 798 789 790
f 796 795 786 787
f 793 792 783 784
f 800 799 790 791
f 797 796 787 788
f 794 793 784 785
f 800 791 801
f 798 797 788 789
f 795 794 785 786
f 808 807 797 798
f 805 804 794 795
f 802 773 792
f 809 808 798 799
f 806 805 795 796
f 803 802 792 793
f 810 809 799 800
f 807 806 796 797
f 804 803 793 794
f 810 800 801
f 813 812 803 804
f 819 810 801
f 817 816 807 808
f 814 813 804 805
f 811 773 802
f 818 817 808 809
f 815 814 805 806
f 812 811 802 803
f 819 818 809 810
f 816 815 806 807
f 825 824 815 816
f 822 821 812 813
f 828 819 801
f 826 825 816 817
f 823 822 813 814
f 820 773 811
f 827 826 817 818
f 824 823 814 815
f 821 820 811 812
f 828 827 818 819
f 830 829 820 821
f 837 836 827 828
f 834 833 824 825
f 831 830 821 822
f 837 828 801
f 835 834 825 826
f 832 831 822 823
f 829 773 820
f 836 835 826 827
f 833 832 823 824
f 845 844 835 836
f 842 841 832 833
f 839 838 829 830
f 846 845 836 837
f 843 842 833 834
f 840 839 830 831
f 846 837 801
f 844 843 834 835
f 841 840 831 832
f 838 773 829
f 850 849 840 841
f 847 773 838
f 854 853 844 845
f 851 850 841 842
f 848 847 838 839
f 855 854 845 846
f 852 851 842 843
f 849 848 839 840
f 855 846 801
f 853 852 843 844
f 862 861 852 853
f 859 858 849 850
f 856 773 847
f 863 862 853 854
f 860 859 850 851
f 857 856 847 848
f 864 863 854 855
f 861 860 851 852
f 858 857 848 849
f 864 855 801
f 867 866 857 858
f 655 864 801
f 870 869 861 862
f 868 867 858 859
f 865 773 856
f 871 870 862 863
f 654 868 859 860
f 866 865 856 857
f 655 871 863 864
f 869 654 860 861
o Bunker_izquierdo
v 0.581250 0.024000 1.766250
v 0.581250 -0.011665 1.647055
v 0.608843 0.059665 1.645239
v 0.633735 0.054338 1.691688
v 0.653489 0.046042 1.728550
v 0.666172 0.035588 1.752217
v 0.670543 0.024000 1.760372
v 0.666172 0.012412 1.752217
v 0.653489 0.001958 1.728550
v 0.633735 -0.006338 1.691688
v 0.608843 -0.011665 1.645239
v 0.634555 0.059665 1.639914
v 0.682643 0.054338 1.681559
v 0.720805 0.046042 1.714608
v 0.745307 0.035588 1.735828
v 0.753750 0.024000 1.743139
v 0.745307 0.012412 1.735828
v 0.720805 0.001958 1.714608
v 0.682643 -0.006338 1.681559
v 0.634555 -0.011665 1.639914
v 0.656635 0.059665 1.631443
v 0.724641 0.054338 1.665446
v 0.778611 0.046042 1.692431
v 0.813262 0.035588 1.709756
v 0.825202 0.024000 1.715726
v 0.813262 0.012412 1.709756
v 0.778611 0.001958 1.692431
v 0.724641 -0.006338 1.665446
v 0.656635 -0.011665 1.631443
v 0.673578 0.059665 1.620403
v 0.756868 0.054338 1.644446
v 0.822967 0.046042 1.663528
v 0.865405 0.035588 1.675779
v 0.880029 0.024000 1.680000
v 0.865405 0.012412 1.675779
v 0.822967 0.001958 1.663528
v 0.756868 -0.006338 1.644446
v 0.673578 -0.011665 1.620403
v 0.684228 0.059665 1.607546
v 0.777126 0.054338 1.619992
v 0.850850 0.046042 1.629870
v 0.898184 0.035588 1.636211
v 0.914494 0.024000 1.638396
v 0.898184 0.012412 1.636211
v 0.850850 0.001958 1.629870
v 0.777126 -0.006338 1.619992
v 0.684228 -0.011665 1.607546
v 0.687861 0.059665 1.593750
v 0.784036 0.054338 1.593750
v 0.860361 0.046042 1.593750
v 0.909364 0.035588 1.593750
v 0.926250 0.024000 1.593750
v 0.909364 0.012412 1.593750
v 0.860361 0.001958 1.593750
v 0.784036 -0.006338 1.593750
v 0.687861 -0.011665 1.593750
v 0.684228 0.059665 1.579954
v 0.777126 0.054338 1.567508
v 0.850850 0.046042 1.557630
v 0.898184 0.035588 1.551289
v 0.914494 0.024000 1.549104
v 0.898184 0.012412 1.551289
v 0.850850 0.001958 1.557630
v 0.777126 -0.006338 1.567508
v 0.684228 -0.011665 1.579954
v 0.673578 0.059665 1.567097
v 0.756868 0.054338 1.543054
v 0.822967 0.046042 1.523972
v 0.865405 0.035588 1.511721
v 0.880029 0.024000 1.507500
v 0.865405 0.012412 1.511721
v 0.822967 0.001958 1.523972
v 0.756868 -0.006338 1.543054
v 0.673578 -0.011665 1.567097
v 0.656635 0.059665 1.556057
v 0.724641 0.054338 1.522054
v 0.778611 0.046042 1.495069
v 0.813262 0.035588 1.477744
v 0.825202 0.024000 1.471774
v 0.813262 0.012412 1.477744
v 0.778611 0.001958 1.495069
v 0.724641 -0.006338 1.522054
v 0.656635 -0.011665 1.556057
v 0.634555 0.059665 1.547586
v 0.682643 0.054338 1.505941
v 0.720805 0.046042 1.472892
v 0.745307 0.035588 1.451672
v 0.753750 0.024000 1.444361
v 0.745307 0.012412 1.451672
v 0.720805 0.001958 1.472892
v 0.682643 -0.006338 1.505941
v 0.634555 -0.011665 1.547586
v 0.608843 0.059665 1.542261
v 0.633735 0.054338 1.495812
v 0.653489 0.046042 1.458950
v 0.666172 0.035588 1.435283
v 0.670543 0.024000 1.427128
v 0.666172 0.012412 1.435283
v 0.653489 0.001958 1.458950
v 0.633735 -0.006338 1.495812
v 0.608843 -0.011665 1.542261
v 0.581250 0.059665 1.540445
v 0.581250 0.054338 1.492357
v 0.581250 0.046042 1.454195
v 0.581250 0.035588 1.429693
v 0.581250 0.024000 1.421250
v 0.581250 0.012412 1.429693
v 0.581250 0.001958 1.454195
v 0.581250 -0.006338 1.492357
v 0.581250 -0.011665 1.540445
v 0.553657 0.059665 1.542261
v 0.528765 0.054338 1.495812
v 0.509011 0.046042 1.458950
v 0.496328 0.035588 1.435283
v 0.491957 0.024000 1.427128
v 0.496328 0.012412 1.435283
v 0.509011 0.001958 1.458950
v 0.528765 -0.006338 1.495812
v 0.553657 -0.011665 1.542261
v 0.581250 0.061500 1.593750
v 0.527945 0.059665 1.547586
v 0.479857 0.054338 1.505941
v 0.441695 0.046042 1.472892
v 0.417193 0.035588 1.451672
v 0.408750 0.024000 1.444361
v 0.417193 0.012412 1.451672
v 0.441695 0.001958 1.472892
v 0.479857 -0.006338 1.505941
v 0.527945 -0.011665 1.547586
v 0.505865 0.059665 1.556057
v 0.437859 0.054338 1.522054
v 0.383889 0.046042 1.495069
v 0.349238 0.035588 1.477744
v 0.337298 0.024000 1.471774
v 0.349238 0.012412 1.477744
v 0.383889 0.001958 1.495069
v 0.437859 -0.006338 1.522054
v 0.505865 -0.011665 1.556057
v 0.488922 0.059665 1.567097
v 0.405632 0.054338 1.543054
v 0.339533 0.046042 1.523972
v 0.297095 0.035588 1.511721
v 0.282471 0.024000 1.507500
v 0.297095 0.012412 1.511721
v 0.339533 0.001958 1.523972
v 0.405632 -0.006338 1.543054
v 0.488922 -0.011665 1.567097
v 0.581250 -0.013500 1.593750
v 0.478272 0.059665 1.579954
v 0.385374 0.054338 1.567508
v 0.311650 0.046042 1.557630
v 0.264316 0.035588 1.551289
v 0.248006 0.024000 1.549104
v 0.264316 0.012412 1.551289
v 0.311650 0.001958 1.557630
v 0.385374 -0.006338 1.567508
v 0.478272 -0.011665 1.579954
v 0.474639 0.059665 1.593750
v 0.378464 0.054338 1.593750
v 0.302139 0.046042 1.593750
v 0.253136 0.035588 1.593750
v 0.236250 0.024000 1.593750
v 0.253136 0.012412 1.593750
v 0.302139 0.001958 1.593750
v 0.378464 -0.006338 1.593750
v 0.474639 -0.011665 1.593750
v 0.478272 0.059665 1.607546
v 0.385374 0.054338 1.619992
v 0.311650 0.046042 1.629870
v 0.264316 0.035588 1.636211
v 0.248006 0.024000 1.638396
v 0.264316 0.012412 1.636211
v 0.311650 0.001958 1.629870
v 0.385374 -0.006338 1.619992
v 0.478272 -0.011665 1.607546
v 0.488922 0.059665 1.620403
v 0.405632 0.054338 1.644446
v 0.339533 0.046042 1.663528
v 0.297095 0.035588 1.675779
v 0.282471 0.024000 1.680000
v 0.297095 0.012412 1.675779
v 0.339533 0.001958 1.663528
v 0.405632 -0.006338 1.644446
v 0.488922 -0.011665 1.620403
v 0.505865 0.059665 1.631443
v 0.437859 0.054338 1.665446
v 0.383889 0.046042 1.692431
v 0.349238 0.035588 1.709756
v 0.337298 0.024000 1.715726
v 0.349238 0.012412 1.709756
v 0.383889 0.001958 1.692431
v 0.437859 -0.006338 1.665446
v 0.505865 -0.011665 1.631443
v 0.527945 0.059665 1.639914
v 0.479857 0.054338 1.681559
v 0.441695 0.046042 1.714608
v 0.417193 0.035588 1.735828
v 0.408750 0.024000 1.743139
v 0.417193 0.012412 1.735828
v 0.441695 0.001958 1.714608
v 0.479857 -0.006338 1.681559
v 0.527945 -0.011665 1.639914
v 0.553657 0.059665 1.645239
v 0.528765 0.054338 1.691688
v 0.509011 0.046042 1.728550
v 0.496328 0.035588 1.752217
v 0.491958 0.024000 1.760372
v 0.496328 0.012412 1.752217
v 0.509011 0.001958 1.728550
v 0.528765 -0.006338 1.691688
v 0.553657 -0.011665 1.645239
v 0.581250 0.059665 1.647055
v 0.581250 0.054338 1.695143
v 0.581250 0.046042 1.733305
v 0.581250 0.035588 1.757807
v 0.581250 0.012412 1.757807
v 0.581250 0.001958 1.733305
v 0.581250 -0.006338 1.695143
usemtl M005_Arena
f 882 873 1019
f 880 879 1087 1088
f 877 876 1085 1086
f 874 991 1083
f 881 880 1088 1089
f 878 877 1086 872
f 875 874 1083 1084
f 882 881 1089 873
f 879 878 872 1087
f 876 875 1084 1085
f 889 888 879 880
f 886 885 876 877
f 883 991 874
f 890 889 880 881
f 887 886 877 878
f 884 883 874 875
f 891 890 881 882
f 888 887 878 879
f 885 884 875 876
f 891 882 1019
f 894 893 884 885
f 900 891 1019
f 898 897 888 889
f 895 894 885 886
f 892 991 883
f 899 898 889 890
f 896 895 886 887
f 893 892 883 884
f 900 899 890 891
f 897 896 887 888
f 909 908 899 900
f 906 905 896 897
f 903 902 893 894
f 909 900 1019
f 907 906 897 898
f 904 903 894 895
f 901 991 892
f 908 907 898 899
f 905 904 895 896
f 902 901 892 893
f 914 913 904 905
f 911 910 901 902
f 918 917 908 909
f 915 914 905 906
f 912 911 902 903
f 918 909 1019
f 916 915 906 907
f 913 912 903 904
f 910 991 901
f 917 916 907 908
f 919 991 910
f 926 925 916 917
f 923 922 913 914
f 920 919 910 911
f 927 926 917 918
f 924 923 914 915
f 921 920 911 912
f 927 918 1019
f 925 924 915 916
f 922 921 912 913
f 931 930 921 922
f 928 991 919
f 935 934 925 926
f 932 931 922 923
f 929 928 919 920
f 936 935 926 927
f 933 932 923 924
f 930 929 920 921
f 936 927 1019
f 934 933 924 925
f 945 936 1019
f 943 942 933 934
f 940 939 930 931
f 937 991 928
f 944 943 934 935
f 941 940 931 932
f 938 937 928 929
f 945 944 935 936
f 942 941 932 933
f 939 938 929 930
f 951 950 941 942
f 948 947 938 939
f 954 945 1019
f 952 951 942 943
f 949 948 939 940
f 946 991 937
f 953 952 943 944
f 950 949 940 941
f 947 946 937 938
f 954 953 944 945
f 956 955 946 947
f 963 962 953 954
f 960 959 950 951
f 957 956 947 948
f 963 954 1019
f 961 960 951 952
f 958 957 948 949
f 955 991 946
f 962 961 952 953
f 959 958 949 950
f 968 967 958 959
f 965 964 955 956
f 972 971 962 963
f 969 968 959 960
f 966 965 956 957
f 972 963 1019
f 970 969 960 961
f 967 966 957 958
f 964 991 955
f 971 970 961 962
f 973 991 964
f 980 979 970 971
f 977 976 967 968
f 974 973 964 965
f 981 980 971 972
f 978 977 968 969
f 975 974 965 966
f 981 972 1019
f 979 978 969 970
f 976 975 966 967
f 988 987 978 979
f 985 984 975 976
f 982 991 973
f 989 988 979 980
f 986 985 976 977
f 983 982 973 974
f 990 989 980 981
f 987 986 977 978
f 984 983 974 975
f 990 981 1019
f 994 993 983 984
f 1000 990 1019
f 998 997 987 988
f 995 994 984 985
f 992 991 982
f 999 998 988 989
f 996 995 985 986
f 993 992 982 983
f 1000 999 989 990
f 997 996 986 987
f 1006 1005 996 997
f 1003 1002 993 994
f 1009 1000 1019
f 1007 1006 997 998
f 1004 1003 994 995
f 1001 991 992
f 1008 1007 998 999
f 1005 1004 995 996
f 1002 1001 992 993
f 1009 1008 999 1000
f 1011 1010 1001 1002
f 1018 1017 1008 1009
f 1015 1014 1005 1006
f 1012 1011 1002 1003
f 1018 1009 1019
f 1016 1015 1006 1007
f 1013 1012 1003 1004
f 1010 991 1001
f 1017 1016 1007 1008
f 1014 1013 1004 1005
f 1027 1026 1016 1017
f 1024 1023 1013 1014
f 1021 1020 1010 1011
f 1028 1027 1017 1018
f 1025 1024 1014 1015
f 1022 1021 1011 1012
f 1028 1018 1019
f 1026 1025 1015 1016
f 1023 1022 1012 1013
f 1020 991 1010
f 1032 1031 1022 1023
f 1029 991 1020
f 1036 1035 1026 1027
f 1033 1032 1023 1024
f 1030 1029 1020 1021
f 1037 1036 1027 1028
f 1034 1033 1024 1025
f 1031 1030 1021 1022
f 1037 1028 1019
f 1035 1034 1025 1026
f 1044 1043 1034 1035
f 1041 1040 1031 1032
f 1038 991 1029
f 1045 1044 1035 1036
f 1042 1041 1032 1033
f 1039 1038 1029 1030
f 1046 1045 1036 1037
f 1043 1042 1033 1034
f 1040 1039 1030 1031
f 1046 1037 1019
f 1049 1048 1039 1040
f 1055 1046 1019
f 1053 1052 1043 1044
f 1050 1049 1040 1041
f 1047 991 1038
f 1054 1053 1044 1045
f 1051 1050 1041 1042
f 1048 1047 1038 1039
f 1055 1054 1045 1046
f 1052 1051 1042 1043
f 1064 1063 1054 1055
f 1061 1060 1051 1052
f 1058 1057 1048 1049
f 1064 1055 1019
f 1062 1061 1052 1053
f 1059 1058 1049 1050
f 1056 991 1047
f 1063 1062 1053 1054
f 1060 1059 1050 1051
f 1057 1056 1047 1048
f 1069 1068 1059 1060
f 1066 1065 1056 1057
f 1073 1072 1063 1064
f 1070 1069 1060 1061
f 1067 1066 1057 1058
f 1073 1064 1019
f 1071 1070 1061 1062
f 1068 1067 1058 1059
f 1065 991 1056
f 1072 1071 1062 1063
f 1074 991 1065
f 1081 1080 1071 1072
f 1078 1077 1068 1069
f 1075 1074 1065 1066
f 1082 1081 1072 1073
f 1079 1078 1069 1070
f 1076 1075 1066 1067
f 1082 1073 1019
f 1080 1079 1070 1071
f 1077 1076 1067 1068
f 1086 1085 1076 1077
f 1083 991 1074
f 1089 1088 1080 1081
f 872 1086 1077 1078
f 1084 1083 1074 1075
f 873 1089 1081 1082
f 1087 872 1078 1079
f 1085 1084 1075 1076
f 873 1082 1019
f 1088 1087 1079 1080
o Copa_00
v -2.556670 0.561817 1.519048
v -2.506649 0.457500 1.587896
v -2.488340 0.315000 1.613097
v -2.506649 0.172500 1.587896
v -2.556670 0.068183 1.519048
v -2.514440 0.561817 1.460923
v -2.433504 0.457500 1.487221
v -2.403879 0.315000 1.496846
v -2.433504 0.172500 1.487221
v -2.514440 0.068183 1.460923
v -2.514440 0.561817 1.389077
v -2.433504 0.457500 1.362779
v -2.403879 0.315000 1.353154
v -2.433504 0.172500 1.362779
v -2.514440 0.068183 1.389077
v -2.556670 0.561817 1.330952
v -2.506649 0.457500 1.262104
v -2.488340 0.315000 1.236903
v -2.506649 0.172500 1.262104
v -2.556670 0.068183 1.330952
v -2.625000 0.561817 1.308750
v -2.625000 0.457500 1.223649
v -2.625000 0.315000 1.192500
v -2.625000 0.172500 1.223649
v -2.625000 0.068183 1.308750
v -2.693330 0.561817 1.330952
v -2.743351 0.457500 1.262104
v -2.761660 0.315000 1.236903
v -2.743351 0.172500 1.262104
v -2.693330 0.068183 1.330952
v -2.625000 0.600000 1.425000
v -2.735560 0.561817 1.389077
v -2.816496 0.457500 1.362779
v -2.846121 0.315000 1.353154
v -2.816496 0.172500 1.362779
v -2.735560 0.068183 1.389077
v -2.625000 0.030000 1.425000
v -2.735560 0.561817 1.460923
v -2.816496 0.457500 1.487221
v -2.846121 0.315000 1.496846
v -2.816496 0.172500 1.487221
v -2.735560 0.068183 1.460923
v -2.693330 0.561817 1.519048
v -2.743351 0.457500 1.587896
v -2.761660 0.315000 1.613097
v -2.743351 0.172500 1.587896
v -2.693330 0.068183 1.519048
v -2.625000 0.561817 1.541250
v -2.625000 0.457500 1.626351
v -2.625000 0.315000 1.657500
v -2.625000 0.172500 1.626351
v -2.625000 0.068183 1.541250
usemtl M006_Copas
f 1094 1093 1140 1141
f 1092 1091 1138 1139
f 1090 1120 1137
f 1094 1141 1126
f 1093 1092 1139 1140
f 1091 1090 1137 1138
f 1095 1120 1090
f 1099 1094 1126
f 1098 1097 1092 1093
f 1096 1095 1090 1091
f 1099 1098 1093 1094
f 1097 1096 1091 1092
f 1104 1099 1126
f 1103 1102 1097 1098
f 1101 1100 1095 1096
f 1104 1103 1098 1099
f 1102 1101 1096 1097
f 1100 1120 1095
f 1109 1104 1126
f 1108 1107 1102 1103
f 1106 1105 1100 1101
f 1109 1108 1103 1104
f 1107 1106 1101 1102
f 1105 1120 1100
f 1114 1109 1126
f 1113 1112 1107 1108
f 1111 1110 1105 1106
f 1114 1113 1108 1109
f 1112 1111 1106 1107
f 1110 1120 1105
f 1118 1117 1112 1113
f 1116 1115 1110 1111
f 1119 1118 1113 1114
f 1117 1116 1111 1112
f 1115 1120 1110
f 1119 1114 1126
f 1122 1121 1115 1116
f 1125 1124 1118 1119
f 1123 1122 1116 1117
f 1121 1120 1115
f 1125 1119 1126
f 1124 1123 1117 1118
f 1131 1130 1124 1125
f 1129 1128 1122 1123
f 1127 1120 1121
f 1131 1125 1126
f 1130 1129 1123 1124
f 1128 1127 1121 1122
f 1136 1135 1130 1131
f 1134 1133 1128 1129
f 1132 1120 1127
f 1136 1131 1126
f 1135 1134 1129 1130
f 1133 1132 1127 1128
f 1141 1140 1135 1136
f 1139 1138 1133 1134
f 1137 1120 1132
f 1141 1136 1126
f 1140 1139 1134 1135
f 1138 1137 1132 1133
o Copa_01
v -2.191920 0.477545 -1.270059
v -2.149402 0.388875 -1.211538
v -2.133839 0.267750 -1.190118
v -2.149402 0.146625 -1.211538
v -2.191920 0.057955 -1.270059
v -2.156024 0.477545 -1.319465
v -2.087228 0.388875 -1.297112
v -2.062047 0.267750 -1.288930
v -2.087228 0.146625 -1.297112
v -2.156024 0.057955 -1.319465
v -2.156024 0.477545 -1.380535
v -2.087228 0.388875 -1.402888
v -2.062047 0.267750 -1.411070
v -2.087228 0.146625 -1.402888
v -2.156024 0.057955 -1.380535
v -2.191920 0.477545 -1.429941
v -2.149402 0.388875 -1.488462
v -2.133839 0.267750 -1.509882
v -2.149402 0.146625 -1.488462
v -2.191920 0.057955 -1.429941
v -2.250000 0.477545 -1.448813
v -2.250000 0.388875 -1.521148
v -2.250000 0.267750 -1.547625
v -2.250000 0.146625 -1.521148
v -2.250000 0.057955 -1.448813
v -2.308080 0.477545 -1.429941
v -2.350598 0.388875 -1.488462
v -2.366161 0.267750 -1.509882
v -2.350598 0.146625 -1.488462
v -2.308080 0.057955 -1.429941
v -2.250000 0.510000 -1.350000
v -2.343976 0.477545 -1.380535
v -2.412772 0.388875 -1.402888
v -2.437953 0.267750 -1.411070
v -2.412772 0.146625 -1.402888
v -2.343976 0.057955 -1.380535
v -2.250000 0.025500 -1.350000
v -2.343976 0.477545 -1.319465
v -2.412772 0.388875 -1.297112
v -2.437953 0.267750 -1.288930
v -2.412772 0.146625 -1.297112
v -2.343976 0.057955 -1.319465
v -2.308080 0.477545 -1.270059
v -2.350598 0.388875 -1.211538
v -2.366161 0.267750 -1.190118
v -2.350598 0.146625 -1.211538
v -2.308080 0.057955 -1.270059
v -2.250000 0.477545 -1.251187
v -2.250000 0.388875 -1.178852
v -2.250000 0.267750 -1.152375
v -2.250000 0.146625 -1.178852
v -2.250000 0.057955 -1.251187
usemtl M006_Copas
f 1146 1193 1178
f 1145 1144 1191 1192
f 1143 1142 1189 1190
f 1146 1145 1192 1193
f 1144 1143 1190 1191
f 1142 1172 1189
f 1148 1147 1142 1143
f 1151 1150 1145 1146
f 1149 1148 1143 1144
f 1147 1172 1142
f 1151 1146 1178
f 1150 1149 1144 1145
f 1156 1155 1150 1151
f 1154 1153 1148 1149
f 1152 1172 1147
f 1156 1151 1178
f 1155 1154 1149 1150
f 1153 1152 1147 1148
f 1161 1160 1155 1156
f 1159 1158 1153 1154
f 1157 1172 1152
f 1161 1156 1178
f 1160 1159 1154 1155
f 1158 1157 1152 1153
f 1166 1165 1160 1161
f 1164 1163 1158 1159
f 1162 1172 1157
f 1166 1161 1178
f 1165 1164 1159 1160
f 1163 1162 1157 1158
f 1171 1170 1165 1166
f 1169 1168 1163 1164
f 1167 1172 1162
f 1171 1166 1178
f 1170 1169 1164 1165
f 1168 1167 1162 1163
f 1175 1174 1168 1169
f 1173 1172 1167
f 1177 1171 1178
f 1176 1175 1169 1170
f 1174 1173 1167 1168
f 1177 1176 1170 1171
f 1179 1172 1173
f 1183 1177 1178
f 1182 1181 1175 1176
f 1180 1179 1173 1174
f 1183 1182 1176 1177
f 1181 1180 1174 1175
f 1188 1183 1178
f 1187 1186 1181 1182
f 1185 1184 1179 1180
f 1188 1187 1182 1183
f 1186 1185 1180 1181
f 1184 1172 1179
f 1193 1188 1178
f 1192 1191 1186 1187
f 1190 1189 1184 1185
f 1193 1192 1187 1188
f 1191 1190 1185 1186
f 1189 1172 1184
o Copa_02
v -1.707836 0.449454 1.800239
v -1.667819 0.366000 1.855317
v -1.653172 0.252000 1.875477
v -1.667819 0.138000 1.855317
v -1.707836 0.054546 1.800239
v -1.674052 0.449454 1.753739
v -1.609303 0.366000 1.774777
v -1.585604 0.252000 1.782477
v -1.609303 0.138000 1.774777
v -1.674052 0.054546 1.753739
v -1.674052 0.449454 1.696261
v -1.609303 0.366000 1.675223
v -1.585604 0.252000 1.667523
v -1.609303 0.138000 1.675223
v -1.674052 0.054546 1.696261
v -1.707836 0.449454 1.649761
v -1.667819 0.366000 1.594683
v -1.653172 0.252000 1.574523
v -1.667819 0.138000 1.594683
v -1.707836 0.054546 1.649761
v -1.762500 0.449454 1.632000
v -1.762500 0.366000 1.563919
v -1.762500 0.252000 1.539000
v -1.762500 0.138000 1.563919
v -1.762500 0.054546 1.632000
v -1.817164 0.449454 1.649761
v -1.857181 0.366000 1.594683
v -1.871828 0.252000 1.574523
v -1.857181 0.138000 1.594683
v -1.817164 0.054546 1.649761
v -1.762500 0.480000 1.725000
v -1.850948 0.449454 1.696261
v -1.915697 0.366000 1.675223
v -1.939396 0.252000 1.667523
v -1.915697 0.138000 1.675223
v -1.850948 0.054546 1.696261
v -1.762500 0.024000 1.725000
v -1.850948 0.449454 1.753739
v -1.915697 0.366000 1.774777
v -1.939396 0.252000 1.782477
v -1.915697 0.138000 1.774777
v -1.850948 0.054546 1.753739
v -1.817164 0.449454 1.800239
v -1.857181 0.366000 1.855317
v -1.871828 0.252000 1.875477
v -1.857181 0.138000 1.855317
v -1.817164 0.054546 1.800239
v -1.762500 0.449454 1.818000
v -1.762500 0.366000 1.886081
v -1.762500 0.252000 1.911000
v -1.762500 0.138000 1.886081
v -1.762500 0.054546 1.818000
usemtl M006_Copas
f 1198 1245 1230
f 1197 1196 1243 1244
f 1195 1194 1241 1242
f 1198 1197 1244 1245
f 1196 1195 1242 1243
f 1194 1224 1241
f 1200 1199 1194 1195
f 1203 1202 1197 1198
f 1201 1200 1195 1196
f 1199 1224 1194
f 1203 1198 1230
f 1202 1201 1196 1197
f 1208 1207 1202 1203
f 1206 1205 1200 1201
f 1204 1224 1199
f 1208 1203 1230
f 1207 1206 1201 1202
f 1205 1204 1199 1200
f 1213 1212 1207 1208
f 1211 1210 1205 1206
f 1209 1224 1204
f 1213 1208 1230
f 1212 1211 1206 1207
f 1210 1209 1204 1205
f 1218 1217 1212 1213
f 1216 1215 1210 1211
f 1214 1224 1209
f 1218 1213 1230
f 1217 1216 1211 1212
f 1215 1214 1209 1210
f 1223 1222 1217 1218
f 1221 1220 1215 1216
f 1219 1224 1214
f 1223 1218 1230
f 1222 1221 1216 1217
f 1220 1219 1214 1215
f 1227 1226 1220 1221
f 1225 1224 1219
f 1229 1223 1230
f 1228 1227 1221 1222
f 1226 1225 1219 1220
f 1229 1228 1222 1223
f 1231 1224 1225
f 1235 1229 1230
f 1234 1233 1227 1228
f 1232 1231 1225 1226
f 1235 1234 1228 1229
f 1233 1232 1226 1227
f 1240 1235 1230
f 1239 1238 1233 1234
f 1237 1236 1231 1232
f 1240 1239 1234 1235
f 1238 1237 1232 1233
f 1236 1224 1231
f 1245 1240 1230
f 1244 1243 1238 1239
f 1242 1241 1236 1237
f 1245 1244 1239 1240
f 1243 1242 1237 1238
f 1241 1224 1236
o Copa_03
v 2.798997 0.505636 1.809643
v 2.844016 0.411750 1.871607
v 2.860494 0.283500 1.894287
v 2.844016 0.155250 1.871607
v 2.798997 0.061364 1.809643
v 2.837004 0.505636 1.757331
v 2.909847 0.411750 1.780999
v 2.936508 0.283500 1.789662
v 2.909847 0.155250 1.780999
v 2.837004 0.061364 1.757331
v 2.837004 0.505636 1.692669
v 2.909847 0.411750 1.669001
v 2.936509 0.283500 1.660338
v 2.909847 0.155250 1.669001
v 2.837004 0.061364 1.692669
v 2.798997 0.505636 1.640357
v 2.844016 0.411750 1.578393
v 2.860494 0.283500 1.555713
v 2.844016 0.155250 1.578393
v 2.798997 0.061364 1.640357
v 2.737500 0.505636 1.620375
v 2.737500 0.411750 1.543784
v 2.737500 0.283500 1.515750
v 2.737500 0.155250 1.543784
v 2.737500 0.061364 1.620375
v 2.676003 0.505636 1.640357
v 2.630984 0.411750 1.578393
v 2.614506 0.283500 1.555713
v 2.630984 0.155250 1.578393
v 2.676003 0.061364 1.640357
v 2.737500 0.540000 1.725000
v 2.637996 0.505636 1.692669
v 2.565153 0.411750 1.669001
v 2.538491 0.283500 1.660338
v 2.565153 0.155250 1.669001
v 2.637996 0.061364 1.692669
v 2.737500 0.027000 1.725000
v 2.637996 0.505636 1.757331
v 2.565153 0.411750 1.780999
v 2.538491 0.283500 1.789662
v 2.565153 0.155250 1.780999
v 2.637996 0.061364 1.757331
v 2.676003 0.505636 1.809643
v 2.630984 0.411750 1.871607
v 2.614506 0.283500 1.894287
v 2.630984 0.155250 1.871607
v 2.676003 0.061364 1.809643
v 2.737500 0.505636 1.829625
v 2.737500 0.411750 1.906216
v 2.737500 0.283500 1.934250
v 2.737500 0.155250 1.906216
v 2.737500 0.061364 1.829625
usemtl M006_Copas
f 1250 1249 1296 1297
f 1248 1247 1294 1295
f 1246 1276 1293
f 1250 1297 1282
f 1249 1248 1295 1296
f 1247 1246 1293 1294
f 1253 1252 1247 1248
f 1251 1276 1246
f 1255 1250 1282
f 1254 1253 1248 1249
f 1252 1251 1246 1247
f 1255 1254 1249 1250
f 1256 1276 1251
f 1260 1255 1282
f 1259 1258 1253 1254
f 1257 1256 1251 1252
f 1260 1259 1254 1255
f 1258 1257 1252 1253
f 1265 1260 1282
f 1264 1263 1258 1259
f 1262 1261 1256 1257
f 1265 1264 1259 1260
f 1263 1262 1257 1258
f 1261 1276 1256
f 1270 1265 1282
f 1269 1268 1263 1264
f 1267 1266 1261 1262
f 1270 1269 1264 1265
f 1268 1267 1262 1263
f 1266 1276 1261
f 1275 1270 1282
f 1274 1273 1268 1269
f 1272 1271 1266 1267
f 1275 1274 1269 1270
f 1273 1272 1267 1268
f 1271 1276 1266
f 1280 1279 1273 1274
f 1278 1277 1271 1272
f 1281 1280 1274 1275
f 1279 1278 1272 1273
f 1277 1276 1271
f 1281 1275 1282
f 1284 1283 1277 1278
f 1287 1286 1280 1281
f 1285 1284 1278 1279
f 1283 1276 1277
f 1287 1281 1282
f 1286 1285 1279 1280
f 1292 1291 1286 1287
f 1290 1289 1284 1285
f 1288 1276 1283
f 1292 1287 1282
f 1291 1290 1285 1286
f 1289 1288 1283 1284
f 1297 1296 1291 1292
f 1295 1294 1289 1290
f 1293 1276 1288
f 1297 1292 1282
f 1296 1295 1290 1291
f 1294 1293 1288 1289
o Copa_04
v 2.788748 0.421363 0.745536
v 2.826263 0.343125 0.797172
v 2.839995 0.236250 0.816072
v 2.826263 0.129375 0.797172
v 2.788748 0.051137 0.745536
v 2.820420 0.421363 0.701942
v 2.881122 0.343125 0.721666
v 2.903340 0.236250 0.728885
v 2.881122 0.129375 0.721666
v 2.820420 0.051137 0.701942
v 2.820420 0.421363 0.648058
v 2.881122 0.343125 0.628334
v 2.903341 0.236250 0.621115
v 2.881122 0.129375 0.628334
v 2.820420 0.051137 0.648058
v 2.788748 0.421363 0.604464
v 2.826263 0.343125 0.552828
v 2.839995 0.236250 0.533928
v 2.826263 0.129375 0.552828
v 2.788748 0.051137 0.604464
v 2.737500 0.421363 0.587812
v 2.737500 0.343125 0.523987
v 2.737500 0.236250 0.500625
v 2.737500 0.129375 0.523987
v 2.737500 0.051137 0.587812
v 2.686252 0.421363 0.604464
v 2.648737 0.343125 0.552828
v 2.635005 0.236250 0.533928
v 2.648737 0.129375 0.552828
v 2.686252 0.051137 0.604464
v 2.737500 0.450000 0.675000
v 2.654580 0.421363 0.648058
v 2.593878 0.343125 0.628334
v 2.571659 0.236250 0.621115
v 2.593878 0.129375 0.628334
v 2.654580 0.051137 0.648058
v 2.737500 0.022500 0.675000
v 2.654580 0.421363 0.701942
v 2.593878 0.343125 0.721666
v 2.571659 0.236250 0.728885
v 2.593878 0.129375 0.721666
v 2.654580 0.051137 0.701942
v 2.686252 0.421363 0.745536
v 2.648737 0.343125 0.797172
v 2.635005 0.236250 0.816072
v 2.648737 0.129375 0.797172
v 2.686252 0.051137 0.745536
v 2.737500 0.421363 0.762188
v 2.737500 0.343125 0.826013
v 2.737500 0.236250 0.849375
v 2.737500 0.129375 0.826013
v 2.737500 0.051137 0.762188
usemtl M006_Copas
f 1299 1298 1345 1346
f 1302 1301 1348 1349
f 1300 1299 1346 1347
f 1298 1328 1345
f 1302 1349 1334
f 1301 1300 1347 1348
f 1307 1306 1301 1302
f 1305 1304 1299 1300
f 1303 1328 1298
f 1307 1302 1334
f 1306 1305 1300 1301
f 1304 1303 1298 1299
f 1312 1311 1306 1307
f 1310 1309 1304 1305
f 1308 1328 1303
f 1312 1307 1334
f 1311 1310 1305 1306
f 1309 1308 1303 1304
f 1315 1314 1309 1310
f 1313 1328 1308
f 1317 1312 1334
f 1316 1315 1310 1311
f 1314 1313 1308 1309
f 1317 1316 1311 1312
f 1318 1328 1313
f 1322 1317 1334
f 1321 1320 1315 1316
f 1319 1318 1313 1314
f 1322 1321 1316 1317
f 1320 1319 1314 1315
f 1327 1322 1334
f 1326 1325 1320 1321
f 1324 1323 1318 1319
f 1327 1326 1321 1322
f 1325 1324 1319 1320
f 1323 1328 1318
f 1333 1327 1334
f 1332 1331 1325 1326
f 1330 1329 1323 1324
f 1333 1332 1326 1327
f 1331 1330 1324 1325
f 1329 1328 1323
f 1339 1333 1334
f 1338 1337 1331 1332
f 1336 1335 1329 1330
f 1339 1338 1332 1333
f 1337 1336 1330 1331
f 1335 1328 1329
f 1343 1342 1337 1338
f 1341 1340 1335 1336
f 1344 1343 1338 1339
f 1342 1341 1336 1337
f 1340 1328 1335
f 1344 1339 1334
f 1346 1345 1340 1341
f 1349 1348 1343 1344
f 1347 1346 1341 1342
f 1345 1328 1340
f 1349 1344 1334
f 1348 1347 1342 1343
o Copa_05
v -2.832836 0.449454 0.150239
v -2.792819 0.366000 0.205317
v -2.778172 0.252000 0.225477
v -2.792819 0.138000 0.205317
v -2.832836 0.054546 0.150239
v -2.799052 0.449454 0.103739
v -2.734303 0.366000 0.124777
v -2.710604 0.252000 0.132477
v -2.734303 0.138000 0.124777
v -2.799052 0.054546 0.103739
v -2.799052 0.449454 0.046261
v -2.734303 0.366000 0.025223
v -2.710604 0.252000 0.017523
v -2.734303 0.138000 0.025223
v -2.799052 0.054546 0.046261
v -2.832836 0.449454 -0.000239
v -2.792819 0.366000 -0.055317
v -2.778172 0.252000 -0.075477
v -2.792819 0.138000 -0.055317
v -2.832836 0.054546 -0.000239
v -2.887500 0.449454 -0.018000
v -2.887500 0.366000 -0.086081
v -2.887500 0.252000 -0.111000
v -2.887500 0.138000 -0.086081
v -2.887500 0.054546 -0.018000
v -2.942164 0.449454 -0.000239
v -2.982181 0.366000 -0.055317
v -2.996828 0.252000 -0.075477
v -2.982181 0.138000 -0.055317
v -2.942164 0.054546 -0.000239
v -2.887500 0.480000 0.075000
v -2.975948 0.449454 0.046261
v -3.040697 0.366000 0.025223
v -3.064396 0.252000 0.017523
v -3.040697 0.138000 0.025223
v -2.975948 0.054546 0.046261
v -2.887500 0.024000 0.075000
v -2.975948 0.449454 0.103739
v -3.040697 0.366000 0.124777
v -3.064396 0.252000 0.132477
v -3.040697 0.138000 0.124777
v -2.975948 0.054546 0.103739
v -2.942164 0.449454 0.150239
v -2.982181 0.366000 0.205317
v -2.996828 0.252000 0.225477
v -2.982181 0.138000 0.205317
v -2.942164 0.054546 0.150239
v -2.887500 0.449454 0.168000
v -2.887500 0.366000 0.236081
v -2.887500 0.252000 0.261000
v -2.887500 0.138000 0.236081
v -2.887500 0.054546 0.168000
usemtl M006_Copas
f 1354 1401 1386
f 1353 1352 1399 1400
f 1351 1350 1397 1398
f 1354 1353 1400 1401
f 1352 1351 1398 1399
f 1350 1380 1397
f 1359 1358 1353 1354
f 1357 1356 1351 1352
f 1355 1380 1350
f 1359 1354 1386
f 1358 1357 1352 1353
f 1356 1355 1350 1351
f 1364 1363 1358 1359
f 1362 1361 1356 1357
f 1360 1380 1355
f 1364 1359 1386
f 1363 1362 1357 1358
f 1361 1360 1355 1356
f 1369 1368 1363 1364
f 1367 1366 1361 1362
f 1365 1380 1360
f 1369 1364 1386
f 1368 1367 1362 1363
f 1366 1365 1360 1361
f 1374 1373 1368 1369
f 1372 1371 1366 1367
f 1370 1380 1365
f 1374 1369 1386
f 1373 1372 1367 1368
f 1371 1370 1365 1366
f 1377 1376 1371 1372
f 1375 1380 1370
f 1379 1374 1386
f 1378 1377 1372 1373
f 1376 1375 1370 1371
f 1379 1378 1373 1374
f 1381 1380 1375
f 1385 1379 1386
f 1384 1383 1377 1378
f 1382 1381 1375 1376
f 1385 1384 1378 1379
f 1383 1382 1376 1377
f 1391 1385 1386
f 1390 1389 1383 1384
f 1388 1387 1381 1382
f 1391 1390 1384 1385
f 1389 1388 1382 1383
f 1387 1380 1381
f 1396 1391 1386
f 1395 1394 1389 1390
f 1393 1392 1387 1388
f 1396 1395 1390 1391
f 1394 1393 1388 1389
f 1392 1380 1387
f 1401 1396 1386
f 1400 1399 1394 1395
f 1398 1397 1392 1393
f 1401 1400 1395 1396
f 1399 1398 1393 1394
f 1397 1380 1392
o Copa_06
v 0.044415 0.365181 1.936131
v 0.076928 0.297375 1.980883
v 0.088829 0.204750 1.997263
v 0.076928 0.112125 1.980883
v 0.044415 0.044319 1.936131
v 0.071864 0.365181 1.898350
v 0.124472 0.297375 1.915444
v 0.143728 0.204750 1.921700
v 0.124472 0.112125 1.915444
v 0.071864 0.044319 1.898350
v 0.071864 0.365181 1.851650
v 0.124472 0.297375 1.834556
v 0.143728 0.204750 1.828300
v 0.124472 0.112125 1.834556
v 0.071864 0.044319 1.851650
v 0.044415 0.365181 1.813869
v 0.076928 0.297375 1.769117
v 0.088829 0.204750 1.752737
v 0.076928 0.112125 1.769117
v 0.044415 0.044319 1.813869
v 0.000000 0.365181 1.799438
v 0.000000 0.297375 1.744122
v 0.000000 0.204750 1.723875
v 0.000000 0.112125 1.744122
v 0.000000 0.044319 1.799438
v -0.044415 0.365181 1.813869
v -0.076928 0.297375 1.769117
v -0.088829 0.204750 1.752737
v -0.076928 0.112125 1.769117
v -0.044415 0.044319 1.813869
v 0.000000 0.390000 1.875000
v -0.071864 0.365181 1.851650
v -0.124472 0.297375 1.834556
v -0.143728 0.204750 1.828300
v -0.124472 0.112125 1.834556
v -0.071864 0.044319 1.851650
v 0.000000 0.019500 1.875000
v -0.071864 0.365181 1.898350
v -0.124472 0.297375 1.915444
v -0.143728 0.204750 1.921700
v -0.124472 0.112125 1.915444
v -0.071864 0.044319 1.898350
v -0.044415 0.365181 1.936131
v -0.076928 0.297375 1.980883
v -0.088829 0.204750 1.997263
v -0.076928 0.112125 1.980883
v -0.044415 0.044319 1.936131
v -0.000000 0.365181 1.950562
v -0.000000 0.297375 2.005878
v -0.000000 0.204750 2.026125
v -0.000000 0.112125 2.005878
v -0.000000 0.044319 1.950562
usemtl M006_Copas
f 1406 1453 1438
f 1405 1404 1451 1452
f 1403 1402 1449 1450
f 1406 1405 1452 1453
f 1404 1403 1450 1451
f 1402 1432 1449
f 1411 1410 1405 1406
f 1409 1408 1403 1404
f 1407 1432 1402
f 1411 1406 1438
f 1410 1409 1404 1405
f 1408 1407 1402 1403
f 1416 1415 1410 1411
f 1414 1413 1408 1409
f 1412 1432 1407
f 1416 1411 1438
f 1415 1414 1409 1410
f 1413 1412 1407 1408
f 1421 1420 1415 1416
f 1419 1418 1413 1414
f 1417 1432 1412
f 1421 1416 1438
f 1420 1419 1414 1415
f 1418 1417 1412 1413
f 1426 1425 1420 1421
f 1424 1423 1418 1419
f 1422 1432 1417
f 1426 1421 1438
f 1425 1424 1419 1420
f 1423 1422 1417 1418
f 1429 1428 1423 1424
f 1427 1432 1422
f 1431 1426 1438
f 1430 1429 1424 1425
f 1428 1427 1422 1423
f 1431 1430 1425 1426
f 1433 1432 1427
f 1437 1431 1438
f 1436 1435 1429 1430
f 1434 1433 1427 1428
f 1437 1436 1430 1431
f 1435 1434 1428 1429
f 1443 1437 1438
f 1442 1441 1435 1436
f 1440 1439 1433 1434
f 1443 1442 1436 1437
f 1441 1440 1434 1435
f 1439 1432 1433
f 1448 1443 1438
f 1447 1446 1441 1442
f 1445 1444 1439 1440
f 1448 1447 1442 1443
f 1446 1445 1440 1441
f 1444 1432 1439
f 1453 1448 1438
f 1452 1451 1446 1447
f 1450 1449 1444 1445
f 1453 1452 1447 1448
f 1451 1450 1445 1446
f 1449 1432 1444
o Estanque
v 2.418750 0.018000 -0.082500
v 2.418750 -0.014098 -0.284613
v 2.456240 0.050098 -0.287692
v 2.490061 0.045304 -0.208931
v 2.516901 0.037838 -0.146426
v 2.534134 0.028429 -0.106295
v 2.540071 0.018000 -0.092467
v 2.534134 0.007571 -0.106295
v 2.516901 -0.001838 -0.146426
v 2.490061 -0.009304 -0.208931
v 2.456240 -0.014098 -0.287692
v 2.491176 0.050098 -0.296722
v 2.556512 0.045304 -0.226107
v 2.608363 0.037838 -0.170066
v 2.641654 0.028429 -0.134086
v 2.653125 0.018000 -0.121688
v 2.641654 0.007571 -0.134086
v 2.608363 -0.001838 -0.170066
v 2.556512 -0.009304 -0.226107
v 2.491176 -0.014098 -0.296722
v 2.521176 0.050098 -0.311086
v 2.613575 0.045304 -0.253429
v 2.686904 0.037838 -0.207672
v 2.733984 0.028429 -0.178294
v 2.750206 0.018000 -0.168171
v 2.733984 0.007571 -0.178294
v 2.686904 -0.001838 -0.207672
v 2.613575 -0.009304 -0.253429
v 2.521176 -0.014098 -0.311086
v 2.544195 0.050098 -0.329806
v 2.657361 0.045304 -0.289036
v 2.747170 0.037838 -0.256681
v 2.804831 0.028429 -0.235908
v 2.824699 0.018000 -0.228750
v 2.804831 0.007571 -0.235908
v 2.747170 -0.001838 -0.256681
v 2.657361 -0.009304 -0.289036
v 2.544195 -0.014098 -0.329806
v 2.558666 0.050098 -0.351606
v 2.684886 0.045304 -0.330502
v 2.785055 0.037838 -0.313754
v 2.849367 0.028429 -0.303001
v 2.871528 0.018000 -0.299295
v 2.849367 0.007571 -0.303001
v 2.785055 -0.001838 -0.313754
v 2.684886 -0.009304 -0.330502
v 2.558666 -0.014098 -0.351606
v 2.563602 0.050098 -0.375000
v 2.694274 0.045304 -0.375000
v 2.797977 0.037838 -0.375000
v 2.864558 0.028429 -0.375000
v 2.887500 0.018000 -0.375000
v 2.864558 0.007571 -0.375000
v 2.797977 -0.001838 -0.375000
v 2.694274 -0.009304 -0.375000
v 2.563602 -0.014098 -0.375000
v 2.558666 0.050098 -0.398394
v 2.684886 0.045304 -0.419498
v 2.785055 0.037838 -0.436246
v 2.849367 0.028429 -0.446999
v 2.871527 0.018000 -0.450705
v 2.849367 0.007571 -0.446999
v 2.785055 -0.001838 -0.436246
v 2.684886 -0.009304 -0.419498
v 2.558666 -0.014098 -0.398394
v 2.544195 0.050098 -0.420194
v 2.657361 0.045304 -0.460964
v 2.747170 0.037838 -0.493319
v 2.804831 0.028429 -0.514092
v 2.824699 0.018000 -0.521250
v 2.804831 0.007571 -0.514092
v 2.747170 -0.001838 -0.493319
v 2.657361 -0.009304 -0.460964
v 2.544195 -0.014098 -0.420194
v 2.521175 0.050098 -0.438914
v 2.613575 0.045304 -0.496571
v 2.686904 0.037838 -0.542328
v 2.733984 0.028429 -0.571706
v 2.750206 0.018000 -0.581829
v 2.733984 0.007571 -0.571706
v 2.686904 -0.001838 -0.542328
v 2.613575 -0.009304 -0.496571
v 2.521175 -0.014098 -0.438914
v 2.491176 0.050098 -0.453278
v 2.556512 0.045304 -0.523893
v 2.608363 0.037838 -0.579934
v 2.641654 0.028429 -0.615914
v 2.653125 0.018000 -0.628312
v 2.641654 0.007571 -0.615914
v 2.608363 -0.001838 -0.579934
v 2.556512 -0.009304 -0.523893
v 2.491176 -0.014098 -0.453278
v 2.456240 0.050098 -0.462308
v 2.490061 0.045304 -0.541069
v 2.516901 0.037838 -0.603574
v 2.534134 0.028429 -0.643705
v 2.540071 0.018000 -0.657533
v 2.534134 0.007571 -0.643705
v 2.516901 -0.001838 -0.603574
v 2.490061 -0.009304 -0.541069
v 2.456240 -0.014098 -0.462308
v 2.418750 0.050098 -0.465387
v 2.418750 0.045304 -0.546927
v 2.418750 0.037838 -0.611637
v 2.418750 0.028429 -0.653184
v 2.418750 0.018000 -0.667500
v 2.418750 0.007571 -0.653184
v 2.418750 -0.001838 -0.611637
v 2.418750 -0.009304 -0.546927
v 2.418750 -0.014098 -0.465387
v 2.381260 0.050098 -0.462308
v 2.347439 0.045304 -0.541069
v 2.320599 0.037838 -0.603574
v 2.303367 0.028429 -0.643705
v 2.297429 0.018000 -0.657533
v 2.303367 0.007571 -0.643705
v 2.320599 -0.001838 -0.603574
v 2.347439 -0.009304 -0.541069
v 2.381260 -0.014098 -0.462308
v 2.418750 0.051750 -0.375000
v 2.346324 0.050098 -0.453278
v 2.280988 0.045304 -0.523893
v 2.229137 0.037838 -0.579934
v 2.195846 0.028429 -0.615914
v 2.184375 0.018000 -0.628312
v 2.195846 0.007571 -0.615914
v 2.229137 -0.001838 -0.579934
v 2.280988 -0.009304 -0.523893
v 2.346324 -0.014098 -0.453278
v 2.316324 0.050098 -0.438914
v 2.223925 0.045304 -0.496571
v 2.150596 0.037838 -0.542328
v 2.103516 0.028429 -0.571706
v 2.087294 0.018000 -0.581829
v 2.103516 0.007571 -0.571706
v 2.150596 -0.001838 -0.542328
v 2.223925 -0.009304 -0.496571
v 2.316324 -0.014098 -0.438914
v 2.293305 0.050098 -0.420194
v 2.180139 0.045304 -0.460964
v 2.090330 0.037838 -0.493319
v 2.032669 0.028429 -0.514092
v 2.012801 0.018000 -0.521250
v 2.032669 0.007571 -0.514092
v 2.090330 -0.001838 -0.493319
v 2.180139 -0.009304 -0.460964
v 2.293305 -0.014098 -0.420194
v 2.418750 -0.015750 -0.375000
v 2.278834 0.050098 -0.398394
v 2.152614 0.045304 -0.419498
v 2.052445 0.037838 -0.436246
v 1.988133 0.028429 -0.446999
v 1.965973 0.018000 -0.450704
v 1.988133 0.007571 -0.446999
v 2.052445 -0.001838 -0.436246
v 2.152614 -0.009304 -0.419498
v 2.278834 -0.014098 -0.398394
v 2.273898 0.050098 -0.375000
v 2.143226 0.045304 -0.375000
v 2.039523 0.037838 -0.375000
v 1.972942 0.028429 -0.375000
v 1.950000 0.018000 -0.375000
v 1.972942 0.007571 -0.375000
v 2.039523 -0.001838 -0.375000
v 2.143226 -0.009304 -0.375000
v 2.273898 -0.014098 -0.375000
v 2.278834 0.050098 -0.351606
v 2.152614 0.045304 -0.330502
v 2.052445 0.037838 -0.313754
v 1.988133 0.028429 -0.303001
v 1.965973 0.018000 -0.299295
v 1.988133 0.007571 -0.303001
v 2.052445 -0.001838 -0.313754
v 2.152614 -0.009304 -0.330502
v 2.278834 -0.014098 -0.351606
v 2.293305 0.050098 -0.329806
v 2.180139 0.045304 -0.289036
v 2.090330 0.037838 -0.256681
v 2.032669 0.028429 -0.235908
v 2.012801 0.018000 -0.228750
v 2.032669 0.007571 -0.235908
v 2.090330 -0.001838 -0.256681
v 2.180139 -0.009304 -0.289036
v 2.293305 -0.014098 -0.329806
v 2.316324 0.050098 -0.311086
v 2.223925 0.045304 -0.253429
v 2.150596 0.037838 -0.207672
v 2.103516 0.028429 -0.178294
v 2.087294 0.018000 -0.168171
v 2.103516 0.007571 -0.178294
v 2.150596 -0.001838 -0.207672
v 2.223925 -0.009304 -0.253429
v 2.316324 -0.014098 -0.311086
v 2.346324 0.050098 -0.296722
v 2.280988 0.045304 -0.226107
v 2.229137 0.037838 -0.170066
v 2.195846 0.028429 -0.134086
v 2.184375 0.018000 -0.121688
v 2.195846 0.007571 -0.134086
v 2.229137 -0.001838 -0.170066
v 2.280988 -0.009304 -0.226107
v 2.346324 -0.014098 -0.296722
v 2.381260 0.050098 -0.287692
v 2.347439 0.045304 -0.208931
v 2.320599 0.037838 -0.146426
v 2.303367 0.028429 -0.106295
v 2.297429 0.018000 -0.092467
v 2.303367 0.007571 -0.106295
v 2.320599 -0.001838 -0.146426
v 2.347439 -0.009304 -0.208931
v 2.381260 -0.014098 -0.287692
v 2.418750 0.050098 -0.284613
v 2.418750 0.045304 -0.203073
v 2.418750 0.037838 -0.138363
v 2.418750 0.028429 -0.096816
v 2.418750 0.007571 -0.096816
v 2.418750 -0.001838 -0.138363
v 2.418750 -0.009304 -0.203073
usemtl M007_Agua_azul
f 1457 1456 1665 1666
f 1464 1463 1671 1455
f 1461 1460 1454 1669
f 1458 1457 1666 1667
f 1464 1455 1601
f 1462 1461 1669 1670
f 1459 1458 1667 1668
f 1456 1573 1665
f 1463 1462 1670 1671
f 1460 1459 1668 1454
f 1473 1472 1463 1464
f 1470 1469 1460 1461
f 1467 1466 1457 1458
f 1473 1464 1601
f 1471 1470 1461 1462
f 1468 1467 1458 1459
f 1465 1573 1456
f 1472 1471 1462 1463
f 1469 1468 1459 1460
f 1466 1465 1456 1457
f 1478 1477 1468 1469
f 1475 1474 1465 1466
f 1482 1481 1472 1473
f 1479 1478 1469 1470
f 1476 1475 1466 1467
f 1482 1473 1601
f 1480 1479 1470 1471
f 1477 1476 1467 1468
f 1474 1573 1465
f 1481 1480 1471 1472
f 1483 1573 1474
f 1490 1489 1480 1481
f 1487 1486 1477 1478
f 1484 1483 1474 1475
f 1491 1490 1481 1482
f 1488 1487 1478 1479
f 1485 1484 1475 1476
f 1491 1482 1601
f 1489 1488 1479 1480
f 1486 1485 1476 1477
f 1495 1494 1485 1486
f 1492 1573 1483
f 1499 1498 1489 1490
f 1496 1495 1486 1487
f 1493 1492 1483 1484
f 1500 1499 1490 1491
f 1497 1496 1487 1488
f 1494 1493 1484 1485
f 1500 1491 1601
f 1498 1497 1488 1489
f 1509 1500 1601
f 1507 1506 1497 1498
f 1504 1503 1494 1495
f 1501 1573 1492
f 1508 1507 1498 1499
f 1505 1504 1495 1496
f 1502 1501 1492 1493
f 1509 1508 1499 1500
f 1506 1505 1496 1497
f 1503 1502 1493 1494
f 1515 1514 1505 1506
f 1512 1511 1502 1503
f 1518 1509 1601
f 1516 1515 1506 1507
f 1513 1512 1503 1504
f 1510 1573 1501
f 1517 1516 1507 1508
f 1514 1513 1504 1505
f 1511 1510 1501 1502
f 1518 1517 1508 1509
f 1520 1519 1510 1511
f 1527 1526 1517 1518
f 1524 1523 1514 1515
f 1521 1520 1511 1512
f 1527 1518 1601
f 1525 1524 1515 1516
f 1522 1521 1512 1513
f 1519 1573 1510
f 1526 1525 1516 1517
f 1523 1522 1513 1514
f 1532 1531 1522 1523
f 1529 1528 1519 1520
f 1536 1535 1526 1527
f 1533 1532 1523 1524
f 1530 1529 1520 1521
f 1536 1527 1601
f 1534 1533 1524 1525
f 1531 1530 1521 1522
f 1528 1573 1519
f 1535 1534 1525 1526
f 1537 1573 1528
f 1544 1543 1534 1535
f 1541 1540 1531 1532
f 1538 1537 1528 1529
f 1545 1544 1535 1536
f 1542 1541 1532 1533
f 1539 1538 1529 1530
f 1545 1536 1601
f 1543 1542 1533 1534
f 1540 1539 1530 1531
f 1552 1551 1542 1543
f 1549 1548 1539 1540
f 1546 1573 1537
f 1553 1552 1543 1544
f 1550 1549 1540 1541
f 1547 1546 1537 1538
f 1554 1553 1544 1545
f 1551 1550 1541 1542
f 1548 1547 1538 1539
f 1554 1545 1601
f 1557 1556 1547 1548
f 1563 1554 1601
f 1561 1560 1551 1552
f 1558 1557 1548 1549
f 1555 1573 1546
f 1562 1561 1552 1553
f 1559 1558 1549 1550
f 1556 1555 1546 1547
f 1563 1562 1553 1554
f 1560 1559 1550 1551
f 1569 1568 1559 1560
f 1566 1565 1556 1557
f 1572 1563 1601
f 1570 1569 1560 1561
f 1567 1566 1557 1558
f 1564 1573 1555
f 1571 1570 1561 1562
f 1568 1567 1558 1559
f 1565 1564 1555 1556
f 1572 1571 1562 1563
f 1575 1574 1564 1565
f 1582 1581 1571 1572
f 1579 1578 1568 1569
f 1576 1575 1565 1566
f 1582 1572 1601
f 1580 1579 1569 1570
f 1577 1576 1566 1567
f 1574 1573 1564
f 1581 1580 1570 1571
f 1578 1577 1567 1568
f 1590 1589 1580 1581
f 1587 1586 1577 1578
f 1584 1583 1574 1575
f 1591 1590 1581 1582
f 1588 1587 1578 1579
f 1585 1584 1575 1576
f 1591 1582 1601
f 1589 1588 1579 1580
f 1586 1585 1576 1577
f 1583 1573 1574
f 1595 1594 1585 1586
f 1592 1573 1583
f 1599 1598 1589 1590
f 1596 1595 1586 1587
f 1593 1592 1583 1584
f 1600 1599 1590 1591
f 1597 1596 1587 1588
f 1594 1593 1584 1585
f 1600 1591 1601
f 1598 1597 1588 1589
f 1608 1607 1597 1598
f 1605 1604 1594 1595
f 1602 1573 1592
f 1609 1608 1598 1599
f 1606 1605 1595 1596
f 1603 1602 1592 1593
f 1610 1609 1599 1600
f 1607 1606 1596 1597
f 1604 1603 1593 1594
f 1610 1600 1601
f 1613 1612 1603 1604
f 1619 1610 1601
f 1617 1616 1607 1608
f 1614 1613 1604 1605
f 1611 1573 1602
f 1618 1617 1608 1609
f 1615 1614 1605 1606
f 1612 1611 1602 1603
f 1619 1618 1609 1610
f 1616 1615 1606 1607
f 1628 1627 1618 1619
f 1625 1624 1615 1616
f 1622 1621 1612 1613
f 1628 1619 1601
f 1626 1625 1616 1617
f 1623 1622 1613 1614
f 1620 1573 1611
f 1627 1626 1617 1618
f 1624 1623 1614 1615
f 1621 1620 1611 1612
f 1633 1632 1623 1624
f 1630 1629 1620 1621
f 1637 1636 1627 1628
f 1634 1633 1624 1625
f 1631 1630 1621 1622
f 1637 1628 1601
f 1635 1634 1625 1626
f 1632 1631 1622 1623
f 1629 1573 1620
f 1636 1635 1626 1627
f 1638 1573 1629
f 1645 1644 1635 1636
f 1642 1641 1632 1633
f 1639 1638 1629 1630
f 1646 1645 1636 1637
f 1643 1642 1633 1634
f 1640 1639 1630 1631
f 1646 1637 1601
f 1644 1643 1634 1635
f 1641 1640 1631 1632
f 1650 1649 1640 1641
f 1647 1573 1638
f 1654 1653 1644 1645
f 1651 1650 1641 1642
f 1648 1647 1638 1639
f 1655 1654 1645 1646
f 1652 1651 1642 1643
f 1649 1648 1639 1640
f 1655 1646 1601
f 1653 1652 1643 1644
f 1664 1655 1601
f 1662 1661 1652 1653
f 1659 1658 1649 1650
f 1656 1573 1647
f 1663 1662 1653 1654
f 1660 1659 1650 1651
f 1657 1656 1647 1648
f 1664 1663 1654 1655
f 1661 1660 1651 1652
f 1658 1657 1648 1649
f 1669 1454 1660 1661
f 1667 1666 1657 1658
f 1455 1664 1601
f 1670 1669 1661 1662
f 1668 1667 1658 1659
f 1665 1573 1656
f 1671 1670 1662 1663
f 1454 1668 1659 1660
f 1666 1665 1656 1657
f 1455 1671 1663 1664
o Fairway
v -1.275000 0.004500 -2.100000
v -0.075000 0.004500 -2.100000
v 0.375000 0.004500 -1.312500
v 0.900000 0.004500 -0.675000
v 0.375000 0.004500 0.037500
v 0.900000 0.004500 0.525000
v 1.800000 0.004500 0.750000
v 2.137500 0.004500 1.200000
v 1.537500 0.004500 1.537500
v 0.600000 0.004500 1.312500
v -0.037500 0.004500 0.900000
v -0.600000 0.004500 0.337500
v -0.225000 0.004500 -0.225000
v -1.050000 0.004500 -0.937500
v -1.275000 -0.004875 -2.100000
v -0.075000 -0.004875 -2.100000
v 0.375000 -0.004875 -1.312500
v 0.900000 -0.004875 -0.675000
v 0.375000 -0.004875 0.037500
v 0.900000 -0.004875 0.525000
v 1.800000 -0.004875 0.750000
v 2.137500 -0.004875 1.200000
v 1.537500 -0.004875 1.537500
v 0.600000 -0.004875 1.312500
v -0.037500 -0.004875 0.900000
v -0.600000 -0.004875 0.337500
v -0.225000 -0.004875 -0.225000
v -1.050000 -0.004875 -0.937500
usemtl M008_Fairway_verde_claro
f 1685 1684 1683 1682 1681 1680 1679 1678 1677 1676 1675 1674 1673 1672
f 1687 1688 1689 1690 1691 1692 1693 1694 1695 1696 1697 1698 1699 1686
f 1686 1699 1685 1672
f 1687 1686 1672 1673
f 1688 1687 1673 1674
f 1689 1688 1674 1675
f 1690 1689 1675 1676
f 1691 1690 1676 1677
f 1692 1691 1677 1678
f 1693 1692 1678 1679
f 1694 1693 1679 1680
f 1695 1694 1680 1681
f 1696 1695 1681 1682
f 1697 1696 1682 1683
f 1698 1697 1683 1684
f 1699 1698 1684 1685
o Green_de_putting
v 1.368750 0.050517 1.536006
v 1.368750 0.042750 1.628377
v 1.368750 0.033706 1.686444
v 1.368750 0.005250 1.628377
v 1.368750 -0.002517 1.536006
v 1.413247 0.060222 1.272548
v 1.454712 0.056476 1.410041
v 1.490318 0.050517 1.528108
v 1.517640 0.042750 1.618705
v 1.534815 0.033706 1.675656
v 1.540673 0.024000 1.695081
v 1.534815 0.014294 1.675656
v 1.517640 0.005250 1.618705
v 1.490318 -0.002517 1.528108
v 1.454712 -0.008476 1.410041
v 1.413247 -0.012222 1.272548
v 1.456034 0.060222 1.263987
v 1.537370 0.056476 1.393502
v 1.607215 0.050517 1.504720
v 1.660808 0.042750 1.590060
v 1.694499 0.033706 1.643707
v 1.705990 0.024000 1.662005
v 1.694499 0.014294 1.643707
v 1.660808 0.005250 1.590060
v 1.607215 -0.002517 1.504720
v 1.537370 -0.008476 1.393502
v 1.456034 -0.012222 1.263987
v 1.495467 0.060222 1.250085
v 1.613548 0.056476 1.366646
v 1.714947 0.050517 1.466739
v 1.792753 0.042750 1.543543
v 1.841664 0.033706 1.591824
v 1.858346 0.024000 1.608292
v 1.841664 0.014294 1.591824
v 1.792753 0.005250 1.543543
v 1.714947 -0.002517 1.466739
v 1.613548 -0.008476 1.366646
v 1.495467 -0.012222 1.250085
v 1.530030 0.060222 1.231376
v 1.680319 0.056476 1.330503
v 1.809375 0.050517 1.415625
v 1.908403 0.042750 1.480941
v 1.970655 0.033706 1.522001
v 1.991888 0.024000 1.536006
v 1.970655 0.014294 1.522001
v 1.908403 0.005250 1.480941
v 1.809375 -0.002517 1.415625
v 1.680319 -0.008476 1.330503
v 1.530030 -0.012222 1.231376
v 1.558395 0.060222 1.208579
v 1.735116 0.056476 1.286463
v 1.886870 0.050517 1.353343
v 2.003315 0.042750 1.404661
v 2.076515 0.033706 1.436922
v 2.101483 0.024000 1.447925
v 2.076515 0.014294 1.436922
v 2.003315 0.005250 1.404661
v 1.886870 -0.002517 1.353343
v 1.735116 -0.008476 1.286463
v 1.558395 -0.012222 1.208579
v 1.579472 0.060222 1.182570
v 1.775834 0.056476 1.236217
v 1.944454 0.050517 1.282285
v 2.073841 0.042750 1.317634
v 2.155177 0.033706 1.339855
v 2.182919 0.024000 1.347435
v 2.155177 0.014294 1.339855
v 2.073841 0.005250 1.317634
v 1.944454 -0.002517 1.282285
v 1.775834 -0.008476 1.236217
v 1.579472 -0.012222 1.182570
v 1.592452 0.060222 1.154349
v 1.800908 0.056476 1.181698
v 1.979914 0.050517 1.205183
v 2.117270 0.042750 1.223204
v 2.203616 0.033706 1.234532
v 2.233067 0.024000 1.238396
v 2.203616 0.014294 1.234532
v 2.117270 0.005250 1.223204
v 1.979914 -0.002517 1.205183
v 1.800908 -0.008476 1.181698
v 1.592452 -0.012222 1.154349
v 1.596834 0.060222 1.125000
v 1.809375 0.056476 1.125000
v 1.991888 0.050517 1.125000
v 2.131935 0.042750 1.125000
v 2.219972 0.033706 1.125000
v 2.250000 0.024000 1.125000
v 2.219972 0.014294 1.125000
v 2.131935 0.005250 1.125000
v 1.991888 -0.002517 1.125000
v 1.809375 -0.008476 1.125000
v 1.596834 -0.012222 1.125000
v 1.592452 0.060222 1.095651
v 1.800908 0.056476 1.068302
v 1.979914 0.050517 1.044817
v 2.117270 0.042750 1.026796
v 2.203616 0.033706 1.015468
v 2.233067 0.024000 1.011604
v 2.203616 0.014294 1.015468
v 2.117270 0.005250 1.026796
v 1.979914 -0.002517 1.044817
v 1.800908 -0.008476 1.068302
v 1.592452 -0.012222 1.095651
v 1.579472 0.060222 1.067430
v 1.775834 0.056476 1.013783
v 1.944454 0.050517 0.967715
v 2.073841 0.042750 0.932366
v 2.155176 0.033706 0.910145
v 2.182918 0.024000 0.902565
v 2.155176 0.014294 0.910145
v 2.073841 0.005250 0.932366
v 1.944454 -0.002517 0.967715
v 1.775834 -0.008476 1.013783
v 1.579472 -0.012222 1.067430
v 1.558395 0.060222 1.041421
v 1.735116 0.056476 0.963537
v 1.886870 0.050517 0.896657
v 2.003315 0.042750 0.845339
v 2.076515 0.033706 0.813078
v 2.101482 0.024000 0.802075
v 2.076515 0.014294 0.813078
v 2.003315 0.005250 0.845339
v 1.886870 -0.002517 0.896657
v 1.735116 -0.008476 0.963537
v 1.558395 -0.012222 1.041421
v 1.530030 0.060222 1.018624
v 1.680319 0.056476 0.919497
v 1.809375 0.050517 0.834375
v 1.908403 0.042750 0.769059
v 1.970655 0.033706 0.727999
v 1.991887 0.024000 0.713994
v 1.970655 0.014294 0.727999
v 1.908403 0.005250 0.769059
v 1.809375 -0.002517 0.834375
v 1.680319 -0.008476 0.919497
v 1.530030 -0.012222 1.018624
v 1.495467 0.060222 0.999915
v 1.613548 0.056476 0.883354
v 1.714947 0.050517 0.783261
v 1.792753 0.042750 0.706457
v 1.841663 0.033706 0.658176
v 1.858346 0.024000 0.641708
v 1.841663 0.014294 0.658176
v 1.792753 0.005250 0.706457
v 1.714947 -0.002517 0.783261
v 1.613548 -0.008476 0.883354
v 1.495467 -0.012222 0.999915
v 1.456034 0.060222 0.986013
v 1.537370 0.056476 0.856498
v 1.607215 0.050517 0.745280
v 1.660808 0.042750 0.659940
v 1.694498 0.033706 0.606293
v 1.705989 0.024000 0.587995
v 1.694498 0.014294 0.606293
v 1.660808 0.005250 0.659940
v 1.607215 -0.002517 0.745280
v 1.537370 -0.008476 0.856498
v 1.456034 -0.012222 0.986013
v 1.413247 0.060222 0.977452
v 1.454711 0.056476 0.839959
v 1.490318 0.050517 0.721892
v 1.517640 0.042750 0.631295
v 1.534815 0.033706 0.574344
v 1.540673 0.024000 0.554919
v 1.534815 0.014294 0.574344
v 1.517640 0.005250 0.631295
v 1.490318 -0.002517 0.721892
v 1.454711 -0.008476 0.839959
v 1.413247 -0.012222 0.977452
v 1.368750 0.060222 0.974561
v 1.368750 0.056476 0.834375
v 1.368750 0.050517 0.713994
v 1.368750 0.042750 0.621623
v 1.368750 0.033706 0.563556
v 1.368750 0.024000 0.543750
v 1.368750 0.014294 0.563556
v 1.368750 0.005250 0.621623
v 1.368750 -0.002517 0.713994
v 1.368750 -0.008476 0.834375
v 1.368750 -0.012222 0.974561
v 1.324253 0.060222 0.977452
v 1.282788 0.056476 0.839960
v 1.247182 0.050517 0.721892
v 1.219860 0.042750 0.631295
v 1.202685 0.033706 0.574344
v 1.196826 0.024000 0.554919
v 1.202685 0.014294 0.574344
v 1.219860 0.005250 0.631295
v 1.247182 -0.002517 0.721892
v 1.282788 -0.008476 0.839960
v 1.324253 -0.012222 0.977452
v 1.281466 0.060222 0.986013
v 1.200130 0.056476 0.856498
v 1.130286 0.050517 0.745280
v 1.076692 0.042750 0.659940
v 1.043002 0.033706 0.606293
v 1.031510 0.024000 0.587996
v 1.043002 0.014294 0.606293
v 1.076692 0.005250 0.659940
v 1.130286 -0.002517 0.745280
v 1.200130 -0.008476 0.856498
v 1.281466 -0.012222 0.986013
v 1.368750 -0.013500 1.125000
v 1.242033 0.060222 0.999915
v 1.123952 0.056476 0.883354
v 1.022553 0.050517 0.783261
v 0.944747 0.042750 0.706457
v 0.895836 0.033706 0.658176
v 0.879154 0.024000 0.641709
v 0.895836 0.014294 0.658176
v 0.944747 0.005250 0.706457
v 1.022553 -0.002517 0.783261
v 1.123952 -0.008476 0.883354
v 1.242033 -0.012222 0.999915
v 1.207470 0.060222 1.018624
v 1.057181 0.056476 0.919497
v 0.928125 0.050517 0.834375
v 0.829097 0.042750 0.769059
v 0.766845 0.033706 0.727999
v 0.745612 0.024000 0.713995
v 0.766845 0.014294 0.727999
v 0.829097 0.005250 0.769059
v 0.928125 -0.002517 0.834375
v 1.057181 -0.008476 0.919497
v 1.207470 -0.012222 1.018624
v 1.179105 0.060222 1.041421
v 1.002384 0.056476 0.963538
v 0.850630 0.050517 0.896657
v 0.734185 0.042750 0.845339
v 0.660985 0.033706 0.813079
v 0.636018 0.024000 0.802075
v 0.660985 0.014294 0.813079
v 0.734185 0.005250 0.845339
v 0.850630 -0.002517 0.896657
v 1.002384 -0.008476 0.963538
v 1.179105 -0.012222 1.041421
v 1.368750 0.061500 1.125000
v 1.158028 0.060222 1.067430
v 0.961666 0.056476 1.013783
v 0.793046 0.050517 0.967715
v 0.663659 0.042750 0.932366
v 0.582324 0.033706 0.910145
v 0.554582 0.024000 0.902566
v 0.582324 0.014294 0.910145
v 0.663659 0.005250 0.932366
v 0.793046 -0.002517 0.967715
v 0.961666 -0.008476 1.013783
v 1.158028 -0.012222 1.067430
v 1.145048 0.060222 1.095651
v 0.936592 0.056476 1.068302
v 0.757586 0.050517 1.044817
v 0.620230 0.042750 1.026796
v 0.533884 0.033706 1.015468
v 0.504434 0.024000 1.011604
v 0.533884 0.014294 1.015468
v 0.620230 0.005250 1.026796
v 0.757586 -0.002517 1.044817
v 0.936592 -0.008476 1.068302
v 1.145048 -0.012222 1.095651
v 1.140666 0.060222 1.125000
v 0.928125 0.056476 1.125000
v 0.745612 0.050517 1.125000
v 0.605566 0.042750 1.125000
v 0.517529 0.033706 1.125000
v 0.487501 0.024000 1.125000
v 0.517529 0.014294 1.125000
v 0.605566 0.005250 1.125000
v 0.745612 -0.002517 1.125000
v 0.928125 -0.008476 1.125000
v 1.140666 -0.012222 1.125000
v 1.145048 0.060222 1.154349
v 0.936592 0.056476 1.181698
v 0.757586 0.050517 1.205183
v 0.620230 0.042750 1.223204
v 0.533885 0.033706 1.234532
v 0.504434 0.024000 1.238396
v 0.533885 0.014294 1.234532
v 0.620230 0.005250 1.223204
v 0.757586 -0.002517 1.205183
v 0.936592 -0.008476 1.181698
v 1.145048 -0.012222 1.154349
v 1.158028 0.060222 1.182570
v 0.961666 0.056476 1.236217
v 0.793046 0.050517 1.282285
v 0.663660 0.042750 1.317634
v 0.582324 0.033706 1.339855
v 0.554582 0.024000 1.347435
v 0.582324 0.014294 1.339855
v 0.663660 0.005250 1.317634
v 0.793046 -0.002517 1.282285
v 0.961666 -0.008476 1.236217
v 1.158028 -0.012222 1.182570
v 1.179105 0.060222 1.208579
v 1.002384 0.056476 1.286463
v 0.850630 0.050517 1.353343
v 0.734185 0.042750 1.404661
v 0.660985 0.033706 1.436922
v 0.636018 0.024000 1.447925
v 0.660985 0.014294 1.436922
v 0.734185 0.005250 1.404661
v 0.850630 -0.002517 1.353343
v 1.002384 -0.008476 1.286463
v 1.179105 -0.012222 1.208579
v 1.207470 0.060222 1.231376
v 1.057182 0.056476 1.330503
v 0.928125 0.050517 1.415625
v 0.829097 0.042750 1.480941
v 0.766846 0.033706 1.522001
v 0.745613 0.024000 1.536006
v 0.766846 0.014294 1.522001
v 0.829097 0.005250 1.480941
v 0.928125 -0.002517 1.415625
v 1.057182 -0.008476 1.330503
v 1.207470 -0.012222 1.231376
v 1.242033 0.060222 1.250085
v 1.123952 0.056476 1.366646
v 1.022553 0.050517 1.466739
v 0.944748 0.042750 1.543543
v 0.895837 0.033706 1.591824
v 0.879155 0.024000 1.608291
v 0.895837 0.014294 1.591824
v 0.944748 0.005250 1.543543
v 1.022553 -0.002517 1.466739
v 1.123952 -0.008476 1.366646
v 1.242033 -0.012222 1.250085
v 1.281466 0.060222 1.263987
v 1.200130 0.056476 1.393502
v 1.130286 0.050517 1.504720
v 1.076692 0.042750 1.590060
v 1.043002 0.033706 1.643707
v 1.031511 0.024000 1.662004
v 1.043002 0.014294 1.643707
v 1.076692 0.005250 1.590060
v 1.130286 -0.002517 1.504720
v 1.200130 -0.008476 1.393502
v 1.281466 -0.012222 1.263987
v 1.324253 0.060222 1.272548
v 1.282789 0.056476 1.410040
v 1.247182 0.050517 1.528108
v 1.219860 0.042750 1.618705
v 1.202685 0.033706 1.675656
v 1.196827 0.024000 1.695081
v 1.202685 0.014294 1.675656
v 1.219860 0.005250 1.618705
v 1.247182 -0.002517 1.528108
v 1.282789 -0.008476 1.410040
v 1.324253 -0.012222 1.272548
v 1.368750 0.060222 1.275438
v 1.368750 0.056476 1.415625
v 1.368750 0.024000 1.706249
v 1.368750 0.014294 1.686444
v 1.368750 -0.008476 1.415625
v 1.368750 -0.012222 1.275438
usemtl M009_Green
f 1709 1708 1701 1702
f 1715 2053 1903
f 1706 1705 2048 2049
f 1713 1712 1703 1704
f 1710 1709 1702 2050
f 1707 1706 2049 1700
f 1714 1713 1704 2052
f 1711 1710 2050 2051
f 1708 1707 1700 1701
f 1715 1714 2052 2053
f 1705 1937 2048
f 1712 1711 2051 1703
f 1718 1717 1706 1707
f 1725 1724 1713 1714
f 1722 1721 1710 1711
f 1719 1718 1707 1708
f 1726 1725 1714 1715
f 1716 1937 1705
f 1723 1722 1711 1712
f 1720 1719 1708 1709
f 1726 1715 1903
f 1717 1716 1705 1706
f 1724 1723 1712 1713
f 1721 1720 1709 1710
f 1737 1726 1903
f 1728 1727 1716 1717
f 1735 1734 1723 1724
f 1732 1731 1720 1721
f 1729 1728 1717 1718
f 1736 1735 1724 1725
f 1733 1732 1721 1722
f 1730 1729 1718 1719
f 1737 1736 1725 1726
f 1727 1937 1716
f 1734 1733 1722 1723
f 1731 1730 1719 1720
f 1741 1740 1729 1730
f 1748 1747 1736 1737
f 1738 1937 1727
f 1745 1744 1733 1734
f 1742 1741 1730 1731
f 1748 1737 1903
f 1739 1738 1727 1728
f 1746 1745 1734 1735
f 1743 1742 1731 1732
f 1740 1739 1728 1729
f 1747 1746 1735 1736
f 1744 1743 1732 1733
f 1751 1750 1739 1740
f 1758 1757 1746 1747
f 1755 1754 1743 1744
f 1752 1751 1740 1741
f 1759 1758 1747 1748
f 1749 1937 1738
f 1756 1755 1744 1745
f 1753 1752 1741 1742
f 1759 1748 1903
f 1750 1749 1738 1739
f 1757 1756 1745 1746
f 1754 1753 1742 1743
f 1764 1763 1752 1753
f 1770 1759 1903
f 1761 1760 1749 1750
f 1768 1767 1756 1757
f 1765 1764 1753 1754
f 1762 1761 1750 1751
f 1769 1768 1757 1758
f 1766 1765 1754 1755
f 1763 1762 1751 1752
f 1770 1769 1758 1759
f 1760 1937 1749
f 1767 1766 1755 1756
f 1774 1773 1762 1763
f 1781 1780 1769 1770
f 1771 1937 1760
f 1778 1777 1766 1767
f 1775 1774 1763 1764
f 1781 1770 1903
f 1772 1771 1760 1761
f 1779 1778 1767 1768
f 1776 1775 1764 1765
f 1773 1772 1761 1762
f 1780 1779 1768 1769
f 1777 1776 1765 1766
f 1787 1786 1775 1776
f 1784 1783 1772 1773
f 1791 1790 1779 1780
f 1788 1787 1776 1777
f 1785 1784 1773 1774
f 1792 1791 1780 1781
f 1782 1937 1771
f 1789 1788 1777 1778
f 1786 1785 1774 1775
f 1792 1781 1903
f 1783 1782 1771 1772
f 1790 1789 1778 1779
f 1797 1796 1785 1786
f 1803 1792 1903
f 1794 1793 1782 1783
f 1801 1800 1789 1790
f 1798 1797 1786 1787
f 1795 1794 1783 1784
f 1802 1801 1790 1791
f 1799 1798 1787 1788
f 1796 1795 1784 1785
f 1803 1802 1791 1792
f 1793 1937 1782
f 1800 1799 1788 1789
f 1810 1809 1798 1799
f 1807 1806 1795 1796
f 1814 1813 1802 1803
f 1804 1937 1793
f 1811 1810 1799 1800
f 1808 1807 1796 1797
f 1814 1803 1903
f 1805 1804 1793 1794
f 1812 1811 1800 1801
f 1809 1808 1797 1798
f 1806 1805 1794 1795
f 1813 1812 1801 1802
f 1820 1819 1808 1809
f 1817 1816 1805 1806
f 1824 1823 1812 1813
f 1821 1820 1809 1810
f 1818 1817 1806 1807
f 1825 1824 1813 1814
f 1815 1937 1804
f 1822 1821 1810 1811
f 1819 1818 1807 1808
f 1825 1814 1903
f 1816 1815 1804 1805
f 1823 1822 1811 1812
f 1833 1832 1821 1822
f 1830 1829 1818 1819
f 1836 1825 1903
f 1827 1826 1815 1816
f 1834 1833 1822 1823
f 1831 1830 1819 1820
f 1828 1827 1816 1817
f 1835 1834 1823 1824
f 1832 1831 1820 1821
f 1829 1828 1817 1818
f 1836 1835 1824 1825
f 1826 1937 1815
f 1843 1842 1831 1832
f 1840 1839 1828 1829
f 1847 1846 1835 1836
f 1837 1937 1826
f 1844 1843 1832 1833
f 1841 1840 1829 1830
f 1847 1836 1903
f 1838 1837 1826 1827
f 1845 1844 1833 1834
f 1842 1841 1830 1831
f 1839 1838 1827 1828
f 1846 1845 1834 1835
f 1856 1855 1844 1845
f 1853 1852 1841 1842
f 1850 1849 1838 1839
f 1857 1856 1845 1846
f 1854 1853 1842 1843
f 1851 1850 1839 1840
f 1858 1857 1846 1847
f 1848 1937 1837
f 1855 1854 1843 1844
f 1852 1851 1840 1841
f 1858 1847 1903
f 1849 1848 1837 1838
f 1859 1937 1848
f 1866 1865 1854 1855
f 1863 1862 1851 1852
f 1869 1858 1903
f 1860 1859 1848 1849
f 1867 1866 1855 1856
f 1864 1863 1852 1853
f 1861 1860 1849 1850
f 1868 1867 1856 1857
f 1865 1864 1853 1854
f 1862 1861 1850 1851
f 1869 1868 1857 1858
f 1879 1878 1867 1868
f 1876 1875 1864 1865
f 1873 1872 1861 1862
f 1880 1879 1868 1869
f 1870 1937 1859
f 1877 1876 1865 1866
f 1874 1873 1862 1863
f 1880 1869 1903
f 1871 1870 1859 1860
f 1878 1877 1866 1867
f 1875 1874 1863 1864
f 1872 1871 1860 1861
f 1882 1881 1870 1871
f 1889 1888 1877 1878
f 1886 1885 1874 1875
f 1883 1882 1871 1872
f 1890 1889 1878 1879
f 1887 1886 1875 1876
f 1884 1883 1872 1873
f 1891 1890 1879 1880
f 1881 1937 1870
f 1888 1887 1876 1877
f 1885 1884 1873 1874
f 1891 1880 1903
f 1902 1901 1890 1891
f 1892 1937 1881
f 1899 1898 1887 1888
f 1896 1895 1884 1885
f 1902 1891 1903
f 1893 1892 1881 1882
f 1900 1899 1888 1889
f 1897 1896 1885 1886
f 1894 1893 1882 1883
f 1901 1900 1889 1890
f 1898 1897 1886 1887
f 1895 1894 1883 1884
f 1906 1905 1893 1894
f 1913 1912 1900 1901
f 1910 1909 1897 1898
f 1907 1906 1894 1895
f 1914 1913 1901 1902
f 1904 1937 1892
f 1911 1910 1898 1899
f 1908 1907 1895 1896
f 1914 1902 1903
f 1905 1904 1892 1893
f 1912 1911 1899 1900
f 1909 1908 1896 1897
f 1925 1914 1903
f 1916 1915 1904 1905
f 1923 1922 1911 1912
f 1920 1919 1908 1909
f 1917 1916 1905 1906
f 1924 1923 1912 1913
f 1921 1920 1909 1910
f 1918 1917 1906 1907
f 1925 1924 1913 1914
f 1915 1937 1904
f 1922 1921 1910 1911
f 1919 1918 1907 1908
f 1929 1928 1917 1918
f 1936 1935 1924 1925
f 1926 1937 1915
f 1933 1932 1921 1922
f 1930 1929 1918 1919
f 1936 1925 1903
f 1927 1926 1915 1916
f 1934 1933 1922 1923
f 1931 1930 1919 1920
f 1928 1927 1916 1917
f 1935 1934 1923 1924
f 1932 1931 1920 1921
f 1940 1939 1927 1928
f 1947 1946 1934 1935
f 1944 1943 1931 1932
f 1941 1940 1928 1929
f 1948 1947 1935 1936
f 1938 1937 1926
f 1945 1944 1932 1933
f 1942 1941 1929 1930
f 1948 1936 1903
f 1939 1938 1926 1927
f 1946 1945 1933 1934
f 1943 1942 1930 1931
f 1953 1952 1941 1942
f 1959 1948 1903
f 1950 1949 1938 1939
f 1957 1956 1945 1946
f 1954 1953 1942 1943
f 1951 1950 1939 1940
f 1958 1957 1946 1947
f 1955 1954 1943 1944
f 1952 1951 1940 1941
f 1959 1958 1947 1948
f 1949 1937 1938
f 1956 1955 1944 1945
f 1963 1962 1951 1952
f 1970 1969 1958 1959
f 1960 1937 1949
f 1967 1966 1955 1956
f 1964 1963 1952 1953
f 1970 1959 1903
f 1961 1960 1949 1950
f 1968 1967 1956 1957
f 1965 1964 1953 1954
f 1962 1961 1950 1951
f 1969 1968 1957 1958
f 1966 1965 1954 1955
f 1976 1975 1964 1965
f 1973 1972 1961 1962
f 1980 1979 1968 1969
f 1977 1976 1965 1966
f 1974 1973 1962 1963
f 1981 1980 1969 1970
f 1971 1937 1960
f 1978 1977 1966 1967
f 1975 1974 1963 1964
f 1981 1970 1903
f 1972 1971 1960 1961
f 1979 1978 1967 1968
f 1986 1985 1974 1975
f 1992 1981 1903
f 1983 1982 1971 1972
f 1990 1989 1978 1979
f 1987 1986 1975 1976
f 1984 1983 1972 1973
f 1991 1990 1979 1980
f 1988 1987 1976 1977
f 1985 1984 1973 1974
f 1992 1991 1980 1981
f 1982 1937 1971
f 1989 1988 1977 1978
f 1999 1998 1987 1988
f 1996 1995 1984 1985
f 2003 2002 1991 1992
f 1993 1937 1982
f 2000 1999 1988 1989
f 1997 1996 1985 1986
f 2003 1992 1903
f 1994 1993 1982 1983
f 2001 2000 1989 1990
f 1998 1997 1986 1987
f 1995 1994 1983 1984
f 2002 2001 1990 1991
f 2009 2008 1997 1998
f 2006 2005 1994 1995
f 2013 2012 2001 2002
f 2010 2009 1998 1999
f 2007 2006 1995 1996
f 2014 2013 2002 2003
f 2004 1937 1993
f 2011 2010 1999 2000
f 2008 2007 1996 1997
f 2014 2003 1903
f 2005 2004 1993 1994
f 2012 2011 2000 2001
f 2022 2021 2010 2011
f 2019 2018 2007 2008
f 2025 2014 1903
f 2016 2015 2004 2005
f 2023 2022 2011 2012
f 2020 2019 2008 2009
f 2017 2016 2005 2006
f 2024 2023 2012 2013
f 2021 2020 2009 2010
f 2018 2017 2006 2007
f 2025 2024 2013 2014
f 2015 1937 2004
f 2032 2031 2020 2021
f 2029 2028 2017 2018
f 2036 2035 2024 2025
f 2026 1937 2015
f 2033 2032 2021 2022
f 2030 2029 2018 2019
f 2036 2025 1903
f 2027 2026 2015 2016
f 2034 2033 2022 2023
f 2031 2030 2019 2020
f 2028 2027 2016 2017
f 2035 2034 2023 2024
f 2045 2044 2033 2034
f 2042 2041 2030 2031
f 2039 2038 2027 2028
f 2046 2045 2034 2035
f 2043 2042 2031 2032
f 2040 2039 2028 2029
f 2047 2046 2035 2036
f 2037 1937 2026
f 2044 2043 2032 2033
f 2041 2040 2029 2030
f 2047 2036 1903
f 2038 2037 2026 2027
f 2048 1937 2037
f 1703 2051 2043 2044
f 1702 1701 2040 2041
f 2053 2047 1903
f 2049 2048 2037 2038
f 1704 1703 2044 2045
f 2050 1702 2041 2042
f 1700 2049 2038 2039
f 2052 1704 2045 2046
f 2051 2050 2042 2043
f 1701 1700 2039 2040
f 2053 2052 2046 2047
o Hierba_alta_00_0
v -2.624613 -0.014410 -1.759500
v -2.613386 0.038410 -1.768800
v -2.614846 -0.016486 -1.766755
v -2.612270 0.038173 -1.769629
v -2.618577 -0.015693 -1.778495
v -2.612696 0.038263 -1.770971
v -2.630650 -0.013127 -1.778495
v -2.614076 0.038557 -1.770971
v -2.634381 -0.012334 -1.766755
v -2.614503 0.038647 -1.769629
usemtl M010_Arbustos_verde_claro
f 2056 2057 2055 2054
f 2058 2059 2057 2056
f 2060 2061 2059 2058
f 2059 2061 2063 2055 2057
f 2062 2063 2061 2060
f 2054 2055 2063 2062
f 2062 2060 2058 2056 2054
o Hierba_alta_00_1
v -2.647672 -0.014852 -1.741309
v -2.653313 0.038852 -1.750609
v -2.637741 -0.013809 -1.748565
v -2.652178 0.038972 -1.751439
v -2.641534 -0.014208 -1.760304
v -2.652612 0.038926 -1.752780
v -2.653811 -0.015497 -1.760304
v -2.654015 0.038779 -1.752780
v -2.657604 -0.015895 -1.748565
v -2.654448 0.038733 -1.751439
usemtl M010_Arbustos_verde_claro
f 2066 2067 2065 2064
f 2068 2069 2067 2066
f 2070 2071 2069 2068
f 2069 2071 2073 2065 2067
f 2072 2073 2071 2070
f 2064 2065 2073 2072
f 2072 2070 2068 2066 2064
o Hierba_alta_00_2
v -2.647688 -0.014852 -1.777678
v -2.653340 0.038852 -1.786978
v -2.637757 -0.013806 -1.784934
v -2.652205 0.038971 -1.787807
v -2.641550 -0.014206 -1.796673
v -2.652639 0.038926 -1.789149
v -2.653826 -0.015498 -1.796673
v -2.654042 0.038778 -1.789149
v -2.657619 -0.015897 -1.784934
v -2.654475 0.038732 -1.787807
usemtl M010_Arbustos_verde_claro
f 2076 2077 2075 2074
f 2078 2079 2077 2076
f 2080 2081 2079 2078
f 2079 2081 2083 2075 2077
f 2082 2083 2081 2080
f 2074 2075 2083 2082
f 2082 2080 2078 2076 2074
o Hierba_alta_01_0
v -2.624613 -0.014410 0.970500
v -2.613386 0.038410 0.961200
v -2.614846 -0.016486 0.963245
v -2.612270 0.038173 0.960371
v -2.618577 -0.015693 0.951505
v -2.612696 0.038263 0.959029
v -2.630650 -0.013127 0.951505
v -2.614076 0.038557 0.959029
v -2.634381 -0.012334 0.963245
v -2.614503 0.038647 0.960371
usemtl M010_Arbustos_verde_claro
f 2086 2087 2085 2084
f 2088 2089 2087 2086
f 2090 2091 2089 2088
f 2089 2091 2093 2085 2087
f 2092 2093 2091 2090
f 2084 2085 2093 2092
f 2092 2090 2088 2086 2084
o Hierba_alta_01_1
v -2.647672 -0.014852 0.988691
v -2.653313 0.038852 0.979391
v -2.637741 -0.013809 0.981435
v -2.652178 0.038972 0.978561
v -2.641534 -0.014208 0.969696
v -2.652612 0.038926 0.977220
v -2.653811 -0.015497 0.969696
v -2.654015 0.038779 0.977220
v -2.657604 -0.015895 0.981435
v -2.654448 0.038733 0.978561
usemtl M010_Arbustos_verde_claro
f 2096 2097 2095 2094
f 2098 2099 2097 2096
f 2100 2101 2099 2098
f 2099 2101 2103 2095 2097
f 2102 2103 2101 2100
f 2094 2095 2103 2102
f 2102 2100 2098 2096 2094
o Hierba_alta_01_2
v -2.647688 -0.014852 0.952322
v -2.653340 0.038852 0.943022
v -2.637757 -0.013806 0.945066
v -2.652205 0.038971 0.942193
v -2.641550 -0.014206 0.933327
v -2.652639 0.038926 0.940851
v -2.653826 -0.015498 0.933327
v -2.654042 0.038778 0.940851
v -2.657619 -0.015897 0.945066
v -2.654475 0.038732 0.942193
usemtl M010_Arbustos_verde_claro
f 2106 2107 2105 2104
f 2108 2109 2107 2106
f 2110 2111 2109 2108
f 2109 2111 2113 2105 2107
f 2112 2113 2111 2110
f 2104 2105 2113 2112
f 2112 2110 2108 2106 2104
o Hierba_alta_02_0
v -1.184614 -0.014410 1.960500
v -1.173386 0.038410 1.951200
v -1.174846 -0.016486 1.953245
v -1.172270 0.038173 1.950371
v -1.178577 -0.015693 1.941505
v -1.172696 0.038263 1.949029
v -1.190651 -0.013127 1.941505
v -1.174076 0.038557 1.949029
v -1.194382 -0.012334 1.953245
v -1.174503 0.038647 1.950371
usemtl M010_Arbustos_verde_claro
f 2116 2117 2115 2114
f 2118 2119 2117 2116
f 2120 2121 2119 2118
f 2119 2121 2123 2115 2117
f 2122 2123 2121 2120
f 2114 2115 2123 2122
f 2122 2120 2118 2116 2114
o Hierba_alta_02_1
v -1.207672 -0.014852 1.978691
v -1.213313 0.038852 1.969391
v -1.197741 -0.013809 1.971435
v -1.212178 0.038972 1.968561
v -1.201535 -0.014208 1.959696
v -1.212612 0.038926 1.967220
v -1.213810 -0.015497 1.959696
v -1.214015 0.038779 1.967220
v -1.217604 -0.015895 1.971435
v -1.214448 0.038733 1.968561
usemtl M010_Arbustos_verde_claro
f 2126 2127 2125 2124
f 2128 2129 2127 2126
f 2130 2131 2129 2128
f 2129 2131 2133 2125 2127
f 2132 2133 2131 2130
f 2124 2125 2133 2132
f 2132 2130 2128 2126 2124
o Hierba_alta_02_2
v -1.207688 -0.014852 1.942322
v -1.213341 0.038852 1.933022
v -1.197757 -0.013806 1.935066
v -1.212206 0.038971 1.932193
v -1.201550 -0.014206 1.923327
v -1.212639 0.038926 1.930851
v -1.213826 -0.015498 1.923327
v -1.214042 0.038778 1.930851
v -1.217619 -0.015897 1.935066
v -1.214475 0.038732 1.932193
usemtl M010_Arbustos_verde_claro
f 2136 2137 2135 2134
f 2138 2139 2137 2136
f 2140 2141 2139 2138
f 2139 2141 2143 2135 2137
f 2142 2143 2141 2140
f 2134 2135 2143 2142
f 2142 2140 2138 2136 2134
o Hierba_alta_03_0
v 2.505386 -0.014410 1.720500
v 2.516614 0.038410 1.711200
v 2.515154 -0.016486 1.713245
v 2.517730 0.038173 1.710371
v 2.511423 -0.015693 1.701505
v 2.517303 0.038263 1.709029
v 2.499350 -0.013127 1.701505
v 2.515924 0.038557 1.709029
v 2.495619 -0.012334 1.713245
v 2.515497 0.038647 1.710371
usemtl M010_Arbustos_verde_claro
f 2146 2147 2145 2144
f 2148 2149 2147 2146
f 2150 2151 2149 2148
f 2149 2151 2153 2145 2147
f 2152 2153 2151 2150
f 2144 2145 2153 2152
f 2152 2150 2148 2146 2144
o Hierba_alta_03_1
v 2.482328 -0.014852 1.738691
v 2.476687 0.038852 1.729391
v 2.492259 -0.013809 1.731435
v 2.477822 0.038972 1.728561
v 2.488466 -0.014208 1.719696
v 2.477388 0.038926 1.727220
v 2.476190 -0.015497 1.719696
v 2.475985 0.038779 1.727220
v 2.472396 -0.015895 1.731435
v 2.475552 0.038733 1.728561
usemtl M010_Arbustos_verde_claro
f 2156 2157 2155 2154
f 2158 2159 2157 2156
f 2160 2161 2159 2158
f 2159 2161 2163 2155 2157
f 2162 2163 2161 2160
f 2154 2155 2163 2162
f 2162 2160 2158 2156 2154
o Hierba_alta_03_2
v 2.482312 -0.014852 1.702322
v 2.476659 0.038852 1.693022
v 2.492243 -0.013806 1.695066
v 2.477794 0.038971 1.692193
v 2.488449 -0.014206 1.683327
v 2.477361 0.038926 1.690851
v 2.476174 -0.015498 1.683327
v 2.475958 0.038778 1.690851
v 2.472380 -0.015897 1.695066
v 2.475524 0.038732 1.692193
usemtl M010_Arbustos_verde_claro
f 2166 2167 2165 2164
f 2168 2169 2167 2166
f 2170 2171 2169 2168
f 2169 2171 2173 2165 2167
f 2172 2173 2171 2170
f 2164 2165 2173 2172
f 2172 2170 2168 2166 2164
o Hierba_alta_04_0
v 2.895386 -0.014410 0.400500
v 2.906614 0.038410 0.391200
v 2.905154 -0.016486 0.393245
v 2.907730 0.038173 0.390371
v 2.901423 -0.015693 0.381505
v 2.907303 0.038263 0.389029
v 2.889350 -0.013127 0.381505
v 2.905924 0.038557 0.389029
v 2.885619 -0.012334 0.393245
v 2.905497 0.038647 0.390371
usemtl M010_Arbustos_verde_claro
f 2176 2177 2175 2174
f 2178 2179 2177 2176
f 2180 2181 2179 2178
f 2179 2181 2183 2175 2177
f 2182 2183 2181 2180
f 2174 2175 2183 2182
f 2182 2180 2178 2176 2174
o Hierba_alta_04_1
v 2.872328 -0.014852 0.418691
v 2.866687 0.038852 0.409391
v 2.882259 -0.013809 0.411435
v 2.867822 0.038972 0.408562
v 2.878466 -0.014208 0.399696
v 2.867388 0.038926 0.407220
v 2.866190 -0.015497 0.399696
v 2.865985 0.038779 0.407220
v 2.862396 -0.015895 0.411435
v 2.865552 0.038733 0.408562
usemtl M010_Arbustos_verde_claro
f 2186 2187 2185 2184
f 2188 2189 2187 2186
f 2190 2191 2189 2188
f 2189 2191 2193 2185 2187
f 2192 2193 2191 2190
f 2184 2185 2193 2192
f 2192 2190 2188 2186 2184
o Hierba_alta_04_2
v 2.872312 -0.014852 0.382322
v 2.866659 0.038852 0.373022
v 2.882243 -0.013806 0.375066
v 2.867794 0.038971 0.372193
v 2.878449 -0.014206 0.363327
v 2.867361 0.038926 0.370851
v 2.866174 -0.015498 0.363327
v 2.865958 0.038778 0.370851
v 2.862381 -0.015897 0.375066
v 2.865524 0.038732 0.372193
usemtl M010_Arbustos_verde_claro
f 2196 2197 2195 2194
f 2198 2199 2197 2196
f 2200 2201 2199 2198
f 2199 2201 2203 2195 2197
f 2202 2203 2201 2200
f 2194 2195 2203 2202
f 2202 2200 2198 2196 2194
o Hierba_alta_05_0
v 0.555386 -0.014410 -2.029500
v 0.566614 0.038410 -2.038800
v 0.565154 -0.016486 -2.036755
v 0.567730 0.038173 -2.039629
v 0.561423 -0.015693 -2.048495
v 0.567304 0.038263 -2.040971
v 0.549350 -0.013127 -2.048495
v 0.565924 0.038557 -2.040971
v 0.545618 -0.012334 -2.036755
v 0.565497 0.038647 -2.039629
usemtl M010_Arbustos_verde_claro
f 2206 2207 2205 2204
f 2208 2209 2207 2206
f 2210 2211 2209 2208
f 2209 2211 2213 2205 2207
f 2212 2213 2211 2210
f 2204 2205 2213 2212
f 2212 2210 2208 2206 2204
o Hierba_alta_05_1
v 0.532328 -0.014852 -2.011309
v 0.526687 0.038852 -2.020609
v 0.542259 -0.013809 -2.018565
v 0.527822 0.038972 -2.021439
v 0.538466 -0.014208 -2.030304
v 0.527388 0.038926 -2.022780
v 0.526190 -0.015497 -2.030304
v 0.525985 0.038779 -2.022780
v 0.522396 -0.015895 -2.018565
v 0.525552 0.038733 -2.021439
usemtl M010_Arbustos_verde_claro
f 2216 2217 2215 2214
f 2218 2219 2217 2216
f 2220 2221 2219 2218
f 2219 2221 2223 2215 2217
f 2222 2223 2221 2220
f 2214 2215 2223 2222
f 2222 2220 2218 2216 2214
o Hierba_alta_05_2
v 0.532312 -0.014852 -2.047678
v 0.526660 0.038852 -2.056978
v 0.542243 -0.013806 -2.054934
v 0.527795 0.038971 -2.057807
v 0.538450 -0.014206 -2.066673
v 0.527361 0.038926 -2.059149
v 0.526174 -0.015498 -2.066673
v 0.525958 0.038778 -2.059149
v 0.522380 -0.015897 -2.054934
v 0.525524 0.038732 -2.057807
usemtl M010_Arbustos_verde_claro
f 2226 2227 2225 2224
f 2228 2229 2227 2226
f 2230 2231 2229 2228
f 2229 2231 2233 2225 2227
f 2232 2233 2231 2230
f 2224 2225 2233 2232
f 2232 2230 2228 2226 2224
o Hoyo
v 1.406250 0.072135 1.160267
v 1.406250 0.068817 1.173541
v 1.406250 0.064635 1.182063
v 1.406250 0.060000 1.185000
v 1.406250 0.051183 1.173541
v 1.406250 0.047865 1.160267
v 1.413054 0.074266 1.142634
v 1.419192 0.072135 1.158541
v 1.424062 0.068817 1.171165
v 1.427190 0.064635 1.179271
v 1.428267 0.060000 1.182063
v 1.427190 0.055365 1.179271
v 1.424062 0.051183 1.171165
v 1.419192 0.047865 1.158541
v 1.413054 0.045734 1.142634
v 1.419192 0.074266 1.140000
v 1.430866 0.072135 1.153532
v 1.440131 0.068817 1.164271
v 1.446080 0.064635 1.171165
v 1.448130 0.060000 1.173541
v 1.446080 0.055365 1.171165
v 1.440131 0.051183 1.164271
v 1.430866 0.047865 1.153532
v 1.419192 0.045734 1.140000
v 1.424062 0.074266 1.135898
v 1.440131 0.072135 1.145729
v 1.452884 0.068817 1.153532
v 1.461071 0.064635 1.158541
v 1.463892 0.060000 1.160267
v 1.461071 0.055365 1.158541
v 1.452884 0.051183 1.153532
v 1.440131 0.047865 1.145729
v 1.424062 0.045734 1.135898
v 1.427190 0.074266 1.130729
v 1.446080 0.072135 1.135898
v 1.461071 0.068817 1.140000
v 1.470696 0.064635 1.142634
v 1.474013 0.060000 1.143541
v 1.470696 0.055365 1.142634
v 1.461071 0.051183 1.140000
v 1.446080 0.047865 1.135898
v 1.427190 0.045734 1.130729
v 1.428267 0.074266 1.125000
v 1.448130 0.072135 1.125000
v 1.463892 0.068817 1.125000
v 1.474013 0.064635 1.125000
v 1.477500 0.060000 1.125000
v 1.474013 0.055365 1.125000
v 1.463892 0.051183 1.125000
v 1.448130 0.047865 1.125000
v 1.428267 0.045734 1.125000
v 1.427190 0.074266 1.119271
v 1.446080 0.072135 1.114102
v 1.461071 0.068817 1.110000
v 1.470696 0.064635 1.107366
v 1.474013 0.060000 1.106459
v 1.470696 0.055365 1.107366
v 1.461071 0.051183 1.110000
v 1.446080 0.047865 1.114102
v 1.427190 0.045734 1.119271
v 1.424062 0.074266 1.114102
v 1.440131 0.072135 1.104271
v 1.452884 0.068817 1.096468
v 1.461071 0.064635 1.091459
v 1.463892 0.060000 1.089733
v 1.461071 0.055365 1.091459
v 1.452884 0.051183 1.096468
v 1.440131 0.047865 1.104271
v 1.424062 0.045734 1.114102
v 1.419192 0.074266 1.110000
v 1.430866 0.072135 1.096468
v 1.440131 0.068817 1.085729
v 1.446080 0.064635 1.078835
v 1.448130 0.060000 1.076459
v 1.446080 0.055365 1.078835
v 1.440131 0.051183 1.085729
v 1.430866 0.047865 1.096468
v 1.419192 0.045734 1.110000
v 1.413054 0.074266 1.107366
v 1.419192 0.072135 1.091459
v 1.424062 0.068817 1.078835
v 1.427190 0.064635 1.070729
v 1.428267 0.060000 1.067937
v 1.427190 0.055365 1.070729
v 1.424062 0.051183 1.078835
v 1.419192 0.047865 1.091459
v 1.413054 0.045734 1.107366
v 1.406250 0.074266 1.106459
v 1.406250 0.072135 1.089733
v 1.406250 0.068817 1.076459
v 1.406250 0.064635 1.067937
v 1.406250 0.060000 1.065000
v 1.406250 0.055365 1.067937
v 1.406250 0.051183 1.076459
v 1.406250 0.047865 1.089733
v 1.406250 0.045734 1.106459
v 1.406250 0.075000 1.125000
v 1.399446 0.074266 1.107366
v 1.393308 0.072135 1.091459
v 1.388438 0.068817 1.078835
v 1.385310 0.064635 1.070729
v 1.384233 0.060000 1.067937
v 1.385310 0.055365 1.070729
v 1.388438 0.051183 1.078835
v 1.393308 0.047865 1.091459
v 1.399446 0.045734 1.107366
v 1.393308 0.074266 1.110000
v 1.381634 0.072135 1.096468
v 1.372369 0.068817 1.085729
v 1.366420 0.064635 1.078835
v 1.364370 0.060000 1.076459
v 1.366420 0.055365 1.078835
v 1.372369 0.051183 1.085729
v 1.381634 0.047865 1.096468
v 1.393308 0.045734 1.110000
v 1.388438 0.074266 1.114102
v 1.372369 0.072135 1.104271
v 1.359616 0.068817 1.096468
v 1.351429 0.064635 1.091459
v 1.348608 0.060000 1.089733
v 1.351429 0.055365 1.091459
v 1.359616 0.051183 1.096468
v 1.372369 0.047865 1.104271
v 1.388438 0.045734 1.114102
v 1.406250 0.045000 1.125000
v 1.385310 0.074266 1.119271
v 1.366420 0.072135 1.114102
v 1.351429 0.068817 1.110000
v 1.341804 0.064635 1.107366
v 1.338487 0.060000 1.106459
v 1.341804 0.055365 1.107366
v 1.351429 0.051183 1.110000
v 1.366420 0.047865 1.114102
v 1.385310 0.045734 1.119271
v 1.384233 0.074266 1.125000
v 1.364370 0.072135 1.125000
v 1.348608 0.068817 1.125000
v 1.338487 0.064635 1.125000
v 1.335000 0.060000 1.125000
v 1.338487 0.055365 1.125000
v 1.348608 0.051183 1.125000
v 1.364370 0.047865 1.125000
v 1.384233 0.045734 1.125000
v 1.385310 0.074266 1.130729
v 1.366420 0.072135 1.135898
v 1.351429 0.068817 1.140000
v 1.341804 0.064635 1.142634
v 1.338487 0.060000 1.143541
v 1.341804 0.055365 1.142634
v 1.351429 0.051183 1.140000
v 1.366420 0.047865 1.135898
v 1.385310 0.045734 1.130729
v 1.388438 0.074266 1.135898
v 1.372369 0.072135 1.145729
v 1.359616 0.068817 1.153532
v 1.351429 0.064635 1.158541
v 1.348608 0.060000 1.160267
v 1.351429 0.055365 1.158541
v 1.359616 0.051183 1.153532
v 1.372369 0.047865 1.145729
v 1.388438 0.045734 1.135898
v 1.393308 0.074266 1.140000
v 1.381634 0.072135 1.153532
v 1.372369 0.068817 1.164271
v 1.366420 0.064635 1.171165
v 1.364370 0.060000 1.173541
v 1.366420 0.055365 1.171165
v 1.372369 0.051183 1.164271
v 1.381634 0.047865 1.153532
v 1.393308 0.045734 1.140000
v 1.399446 0.074266 1.142634
v 1.393308 0.072135 1.158541
v 1.388438 0.068817 1.171165
v 1.385310 0.064635 1.179271
v 1.384233 0.060000 1.182063
v 1.385310 0.055365 1.179271
v 1.388438 0.051183 1.171165
v 1.393308 0.047865 1.158541
v 1.399446 0.045734 1.142634
v 1.406250 0.074266 1.143541
v 1.406250 0.055365 1.182063
v 1.406250 0.045734 1.143541
usemtl M011_Hoyo_oscuro
f 2246 2245 2414 2238
f 2243 2242 2235 2236
f 2240 2330 2413
f 2247 2246 2238 2239
f 2244 2243 2236 2237
f 2241 2240 2413 2234
f 2248 2247 2239 2415
f 2245 2244 2237 2414
f 2242 2241 2234 2235
f 2248 2415 2358
f 2255 2254 2245 2246
f 2252 2251 2242 2243
f 2249 2330 2240
f 2256 2255 2246 2247
f 2253 2252 2243 2244
f 2250 2249 2240 2241
f 2257 2256 2247 2248
f 2254 2253 2244 2245
f 2251 2250 2241 2242
f 2257 2248 2358
f 2260 2259 2250 2251
f 2266 2257 2358
f 2264 2263 2254 2255
f 2261 2260 2251 2252
f 2258 2330 2249
f 2265 2264 2255 2256
f 2262 2261 2252 2253
f 2259 2258 2249 2250
f 2266 2265 2256 2257
f 2263 2262 2253 2254
f 2272 2271 2262 2263
f 2269 2268 2259 2260
f 2275 2266 2358
f 2273 2272 2263 2264
f 2270 2269 2260 2261
f 2267 2330 2258
f 2274 2273 2264 2265
f 2271 2270 2261 2262
f 2268 2267 2258 2259
f 2275 2274 2265 2266
f 2277 2276 2267 2268
f 2284 2283 2274 2275
f 2281 2280 2271 2272
f 2278 2277 2268 2269
f 2284 2275 2358
f 2282 2281 2272 2273
f 2279 2278 2269 2270
f 2276 2330 2267
f 2283 2282 2273 2274
f 2280 2279 2270 2271
f 2292 2291 2282 2283
f 2289 2288 2279 2280
f 2286 2285 2276 2277
f 2293 2292 2283 2284
f 2290 2289 2280 2281
f 2287 2286 2277 2278
f 2293 2284 2358
f 2291 2290 2281 2282
f 2288 2287 2278 2279
f 2285 2330 2276
f 2297 2296 2287 2288
f 2294 2330 2285
f 2301 2300 2291 2292
f 2298 2297 2288 2289
f 2295 2294 2285 2286
f 2302 2301 2292 2293
f 2299 2298 2289 2290
f 2296 2295 2286 2287
f 2302 2293 2358
f 2300 2299 2290 2291
f 2309 2308 2299 2300
f 2306 2305 2296 2297
f 2303 2330 2294
f 2310 2309 2300 2301
f 2307 2306 2297 2298
f 2304 2303 2294 2295
f 2311 2310 2301 2302
f 2308 2307 2298 2299
f 2305 2304 2295 2296
f 2311 2302 2358
f 2314 2313 2304 2305
f 2320 2311 2358
f 2318 2317 2308 2309
f 2315 2314 2305 2306
f 2312 2330 2303
f 2319 2318 2309 2310
f 2316 2315 2306 2307
f 2313 2312 2303 2304
f 2320 2319 2310 2311
f 2317 2316 2307 2308
f 2329 2328 2319 2320
f 2326 2325 2316 2317
f 2323 2322 2313 2314
f 2329 2320 2358
f 2327 2326 2317 2318
f 2324 2323 2314 2315
f 2321 2330 2312
f 2328 2327 2318 2319
f 2325 2324 2315 2316
f 2322 2321 2312 2313
f 2335 2334 2324 2325
f 2332 2331 2321 2322
f 2339 2338 2328 2329
f 2336 2335 2325 2326
f 2333 2332 2322 2323
f 2339 2329 2358
f 2337 2336 2326 2327
f 2334 2333 2323 2324
f 2331 2330 2321
f 2338 2337 2327 2328
f 2340 2330 2331
f 2347 2346 2337 2338
f 2344 2343 2334 2335
f 2341 2340 2331 2332
f 2348 2347 2338 2339
f 2345 2344 2335 2336
f 2342 2341 2332 2333
f 2348 2339 2358
f 2346 2345 2336 2337
f 2343 2342 2333 2334
f 2352 2351 2342 2343
f 2349 2330 2340
f 2356 2355 2346 2347
f 2353 2352 2343 2344
f 2350 2349 2340 2341
f 2357 2356 2347 2348
f 2354 2353 2344 2345
f 2351 2350 2341 2342
f 2357 2348 2358
f 2355 2354 2345 2346
f 2367 2357 2358
f 2365 2364 2354 2355
f 2362 2361 2351 2352
f 2359 2330 2349
f 2366 2365 2355 2356
f 2363 2362 2352 2353
f 2360 2359 2349 2350
f 2367 2366 2356 2357
f 2364 2363 2353 2354
f 2361 2360 2350 2351
f 2373 2372 2363 2364
f 2370 2369 2360 2361
f 2376 2367 2358
f 2374 2373 2364 2365
f 2371 2370 2361 2362
f 2368 2330 2359
f 2375 2374 2365 2366
f 2372 2371 2362 2363
f 2369 2368 2359 2360
f 2376 2375 2366 2367
f 2378 2377 2368 2369
f 2385 2384 2375 2376
f 2382 2381 2372 2373
f 2379 2378 2369 2370
f 2385 2376 2358
f 2383 2382 2373 2374
f 2380 2379 2370 2371
f 2377 2330 2368
f 2384 2383 2374 2375
f 2381 2380 2371 2372
f 2390 2389 2380 2381
f 2387 2386 2377 2378
f 2394 2393 2384 2385
f 2391 2390 2381 2382
f 2388 2387 2378 2379
f 2394 2385 2358
f 2392 2391 2382 2383
f 2389 2388 2379 2380
f 2386 2330 2377
f 2393 2392 2383 2384
f 2395 2330 2386
f 2402 2401 2392 2393
f 2399 2398 2389 2390
f 2396 2395 2386 2387
f 2403 2402 2393 2394
f 2400 2399 2390 2391
f 2397 2396 2387 2388
f 2403 2394 2358
f 2401 2400 2391 2392
f 2398 2397 2388 2389
f 2410 2409 2400 2401
f 2407 2406 2397 2398
f 2404 2330 2395
f 2411 2410 2401 2402
f 2408 2407 2398 2399
f 2405 2404 2395 2396
f 2412 2411 2402 2403
f 2409 2408 2399 2400
f 2406 2405 2396 2397
f 2412 2403 2358
f 2235 2234 2405 2406
f 2415 2412 2358
f 2238 2414 2409 2410
f 2236 2235 2406 2407
f 2413 2330 2404
f 2239 2238 2410 2411
f 2237 2236 2407 2408
f 2234 2413 2404 2405
f 2415 2239 2411 2412
f 2414 2237 2408 2409
o Matorral_00_0
v 2.598000 -0.082320 0.810000
v 2.679275 -0.020231 0.750951
v 2.566956 -0.020231 0.714456
v 2.497538 -0.020231 0.810000
v 2.566956 -0.020231 0.905544
v 2.679275 -0.020231 0.869049
v 2.629043 0.080231 0.714456
v 2.516725 0.080231 0.750951
v 2.516725 0.080231 0.869049
v 2.629043 0.080231 0.905544
v 2.698462 0.080231 0.810000
v 2.598000 0.142320 0.810000
usemtl M010_Arbustos_verde_claro
f 2418 2417 2416
f 2421 2416 2417
f 2419 2418 2416
f 2420 2419 2416
f 2421 2420 2416
f 2426 2421 2417
f 2422 2417 2418
f 2423 2418 2419
f 2424 2419 2420
f 2425 2420 2421
f 2422 2426 2417
f 2423 2422 2418
f 2424 2423 2419
f 2425 2424 2420
f 2426 2425 2421
f 2427 2426 2422
f 2427 2422 2423
f 2427 2423 2424
f 2427 2424 2425
f 2427 2425 2426
o Matorral_00_1
v 2.718000 -0.095400 0.822000
v 2.819594 -0.017789 0.748189
v 2.679196 -0.017789 0.702570
v 2.592423 -0.017789 0.822000
v 2.679196 -0.017789 0.941430
v 2.819594 -0.017789 0.895811
v 2.756804 0.107789 0.702570
v 2.616407 0.107789 0.748189
v 2.616407 0.107789 0.895811
v 2.756804 0.107789 0.941430
v 2.843577 0.107789 0.822000
v 2.718000 0.185400 0.822000
usemtl M010_Arbustos_verde_claro
f 2430 2429 2428
f 2433 2428 2429
f 2431 2430 2428
f 2432 2431 2428
f 2433 2432 2428
f 2438 2433 2429
f 2434 2429 2430
f 2435 2430 2431
f 2436 2431 2432
f 2437 2432 2433
f 2434 2438 2429
f 2435 2434 2430
f 2436 2435 2431
f 2437 2436 2432
f 2438 2437 2433
f 2439 2438 2434
f 2439 2434 2435
f 2439 2435 2436
f 2439 2436 2437
f 2439 2437 2438
o Matorral_00_2
v 2.670000 -0.066960 0.864000
v 2.744502 -0.010045 0.809872
v 2.641543 -0.010045 0.776418
v 2.577910 -0.010045 0.864000
v 2.641543 -0.010045 0.951582
v 2.744502 -0.010045 0.918128
v 2.698456 0.082045 0.776418
v 2.595498 0.082045 0.809872
v 2.595498 0.082045 0.918128
v 2.698456 0.082045 0.951582
v 2.762090 0.082045 0.864000
v 2.670000 0.138960 0.864000
usemtl M010_Arbustos_verde_claro
f 2442 2441 2440
f 2445 2440 2441
f 2443 2442 2440
f 2444 2443 2440
f 2445 2444 2440
f 2450 2445 2441
f 2446 2441 2442
f 2447 2442 2443
f 2448 2443 2444
f 2449 2444 2445
f 2446 2450 2441
f 2447 2446 2442
f 2448 2447 2443
f 2449 2448 2444
f 2450 2449 2445
f 2451 2450 2446
f 2451 2446 2447
f 2451 2447 2448
f 2451 2448 2449
f 2451 2449 2450
o Matorral_01_0
v -1.572000 -0.060720 -0.390000
v -1.506355 -0.010571 -0.437693
v -1.597074 -0.010571 -0.467170
v -1.653142 -0.010571 -0.390000
v -1.597074 -0.010571 -0.312830
v -1.506355 -0.010571 -0.342307
v -1.546926 0.070571 -0.467170
v -1.637645 0.070571 -0.437693
v -1.637645 0.070571 -0.342307
v -1.546926 0.070571 -0.312830
v -1.490858 0.070571 -0.390000
v -1.572000 0.120720 -0.390000
usemtl M012_Arbustos_verde_oscuro
f 2454 2453 2452
f 2457 2452 2453
f 2455 2454 2452
f 2456 2455 2452
f 2457 2456 2452
f 2462 2457 2453
f 2458 2453 2454
f 2459 2454 2455
f 2460 2455 2456
f 2461 2456 2457
f 2458 2462 2453
f 2459 2458 2454
f 2460 2459 2455
f 2461 2460 2456
f 2462 2461 2457
f 2463 2462 2458
f 2463 2458 2459
f 2463 2459 2460
f 2463 2460 2461
f 2463 2461 2462
o Matorral_01_1
v -1.452000 -0.068400 -0.378000
v -1.369944 -0.005714 -0.437617
v -1.483342 -0.005714 -0.474463
v -1.553428 -0.005714 -0.378000
v -1.483342 -0.005714 -0.281537
v -1.369944 -0.005714 -0.318383
v -1.420658 0.095714 -0.474463
v -1.534056 0.095714 -0.437617
v -1.534056 0.095714 -0.318383
v -1.420658 0.095714 -0.281537
v -1.350572 0.095714 -0.378000
v -1.452000 0.158400 -0.378000
usemtl M012_Arbustos_verde_oscuro
f 2466 2465 2464
f 2469 2464 2465
f 2467 2466 2464
f 2468 2467 2464
f 2469 2468 2464
f 2474 2469 2465
f 2470 2465 2466
f 2471 2466 2467
f 2472 2467 2468
f 2473 2468 2469
f 2470 2474 2465
f 2471 2470 2466
f 2472 2471 2467
f 2473 2472 2468
f 2474 2473 2469
f 2475 2474 2470
f 2475 2470 2471
f 2475 2471 2472
f 2475 2472 2473
f 2475 2473 2474
o Matorral_01_2
v -1.500000 -0.047160 -0.336000
v -1.439825 -0.001190 -0.379719
v -1.522984 -0.001190 -0.406739
v -1.574380 -0.001190 -0.336000
v -1.522984 -0.001190 -0.265261
v -1.439825 -0.001190 -0.292281
v -1.477016 0.073190 -0.406739
v -1.560175 0.073190 -0.379719
v -1.560175 0.073190 -0.292281
v -1.477016 0.073190 -0.265261
v -1.425620 0.073190 -0.336000
v -1.500000 0.119160 -0.336000
usemtl M012_Arbustos_verde_oscuro
f 2478 2477 2476
f 2481 2476 2477
f 2479 2478 2476
f 2480 2479 2476
f 2481 2480 2476
f 2486 2481 2477
f 2482 2477 2478
f 2483 2478 2479
f 2484 2479 2480
f 2485 2480 2481
f 2482 2486 2477
f 2483 2482 2478
f 2484 2483 2479
f 2485 2484 2480
f 2486 2485 2481
f 2487 2486 2482
f 2487 2482 2483
f 2487 2483 2484
f 2487 2484 2485
f 2487 2485 2486
o Matorral_02_0
v 0.528000 -0.067200 1.905000
v 0.598334 -0.013469 1.853900
v 0.501135 -0.013469 1.822318
v 0.441062 -0.013469 1.905000
v 0.501135 -0.013469 1.987682
v 0.598334 -0.013469 1.956100
v 0.554865 0.073469 1.822318
v 0.457666 0.073469 1.853900
v 0.457666 0.073469 1.956100
v 0.554865 0.073469 1.987682
v 0.614938 0.073469 1.905000
v 0.528000 0.127200 1.905000
usemtl M010_Arbustos_verde_claro
f 2490 2489 2488
f 2493 2488 2489
f 2491 2490 2488
f 2492 2491 2488
f 2493 2492 2488
f 2498 2493 2489
f 2494 2489 2490
f 2495 2490 2491
f 2496 2491 2492
f 2497 2492 2493
f 2494 2498 2489
f 2495 2494 2490
f 2496 2495 2491
f 2497 2496 2492
f 2498 2497 2493
f 2499 2498 2494
f 2499 2494 2495
f 2499 2495 2496
f 2499 2496 2497
f 2499 2497 2498
o Matorral_02_1
v 0.648000 -0.076500 1.917000
v 0.735917 -0.009337 1.853125
v 0.614419 -0.009337 1.813647
v 0.539327 -0.009337 1.917000
v 0.614419 -0.009337 2.020353
v 0.735917 -0.009337 1.980875
v 0.681581 0.099337 1.813647
v 0.560083 0.099337 1.853125
v 0.560083 0.099337 1.980875
v 0.681581 0.099337 2.020353
v 0.756673 0.099337 1.917000
v 0.648000 0.166500 1.917000
usemtl M010_Arbustos_verde_claro
f 2502 2501 2500
f 2505 2500 2501
f 2503 2502 2500
f 2504 2503 2500
f 2505 2504 2500
f 2510 2505 2501
f 2506 2501 2502
f 2507 2502 2503
f 2508 2503 2504
f 2509 2504 2505
f 2506 2510 2501
f 2507 2506 2502
f 2508 2507 2503
f 2509 2508 2504
f 2510 2509 2505
f 2511 2510 2506
f 2511 2506 2507
f 2511 2507 2508
f 2511 2508 2509
f 2511 2509 2510
o Matorral_02_2
v 0.600000 -0.053100 1.959000
v 0.664473 -0.003847 1.912158
v 0.575374 -0.003847 1.883208
v 0.520307 -0.003847 1.959000
v 0.575374 -0.003847 2.034792
v 0.664473 -0.003847 2.005842
v 0.624626 0.075847 1.883208
v 0.535527 0.075847 1.912158
v 0.535527 0.075847 2.005842
v 0.624626 0.075847 2.034792
v 0.679693 0.075847 1.959000
v 0.600000 0.125100 1.959000
usemtl M010_Arbustos_verde_claro
f 2514 2513 2512
f 2517 2512 2513
f 2515 2514 2512
f 2516 2515 2512
f 2517 2516 2512
f 2522 2517 2513
f 2518 2513 2514
f 2519 2514 2515
f 2520 2515 2516
f 2521 2516 2517
f 2518 2522 2513
f 2519 2518 2514
f 2520 2519 2515
f 2521 2520 2516
f 2522 2521 2517
f 2523 2522 2518
f 2523 2518 2519
f 2523 2519 2520
f 2523 2520 2521
f 2523 2521 2522
o Matorral_03_0
v -2.472000 -0.056400 0.690000
v -2.409481 -0.008639 0.644578
v -2.495879 -0.008639 0.616505
v -2.549278 -0.008639 0.690000
v -2.495879 -0.008639 0.763495
v -2.409481 -0.008639 0.735422
v -2.448120 0.068639 0.616505
v -2.534519 0.068639 0.644578
v -2.534519 0.068639 0.735422
v -2.448120 0.068639 0.763495
v -2.394722 0.068639 0.690000
v -2.472000 0.116400 0.690000
usemtl M010_Arbustos_verde_claro
f 2526 2525 2524
f 2529 2524 2525
f 2527 2526 2524
f 2528 2527 2524
f 2529 2528 2524
f 2534 2529 2525
f 2530 2525 2526
f 2531 2526 2527
f 2532 2527 2528
f 2533 2528 2529
f 2530 2534 2525
f 2531 2530 2526
f 2532 2531 2527
f 2533 2532 2528
f 2534 2533 2529
f 2535 2534 2530
f 2535 2530 2531
f 2535 2531 2532
f 2535 2532 2533
f 2535 2533 2534
o Matorral_03_1
v -2.352000 -0.063000 0.702000
v -2.273851 -0.003299 0.645222
v -2.381850 -0.003299 0.610131
v -2.448598 -0.003299 0.702000
v -2.381850 -0.003299 0.793869
v -2.273851 -0.003299 0.758778
v -2.322150 0.093299 0.610131
v -2.430149 0.093299 0.645222
v -2.430149 0.093299 0.758778
v -2.322150 0.093299 0.793869
v -2.255402 0.093299 0.702000
v -2.352000 0.153000 0.702000
usemtl M010_Arbustos_verde_claro
f 2538 2537 2536
f 2541 2536 2537
f 2539 2538 2536
f 2540 2539 2536
f 2541 2540 2536
f 2546 2541 2537
f 2542 2537 2538
f 2543 2538 2539
f 2544 2539 2540
f 2545 2540 2541
f 2542 2546 2537
f 2543 2542 2538
f 2544 2543 2539
f 2545 2544 2540
f 2546 2545 2541
f 2547 2546 2542
f 2547 2542 2543
f 2547 2543 2544
f 2547 2544 2545
f 2547 2545 2546
o Matorral_03_2
v -2.400000 -0.043200 0.744000
v -2.342691 0.000581 0.702363
v -2.421890 0.000581 0.676629
v -2.470838 0.000581 0.744000
v -2.421890 0.000581 0.811371
v -2.342691 0.000581 0.785637
v -2.378110 0.071419 0.676629
v -2.457309 0.071419 0.702363
v -2.457309 0.071419 0.785637
v -2.378110 0.071419 0.811371
v -2.329162 0.071419 0.744000
v -2.400000 0.115200 0.744000
usemtl M010_Arbustos_verde_claro
f 2550 2549 2548
f 2553 2548 2549
f 2551 2550 2548
f 2552 2551 2548
f 2553 2552 2548
f 2558 2553 2549
f 2554 2549 2550
f 2555 2550 2551
f 2556 2551 2552
f 2557 2552 2553
f 2554 2558 2549
f 2555 2554 2550
f 2556 2555 2551
f 2557 2556 2552
f 2558 2557 2553
f 2559 2558 2554
f 2559 2554 2555
f 2559 2555 2556
f 2559 2556 2557
f 2559 2557 2558
o Matorral_04_0
v 2.628000 -0.073680 -1.620000
v 2.703023 -0.016367 -1.674507
v 2.599344 -0.016367 -1.708194
v 2.535266 -0.016367 -1.620000
v 2.599344 -0.016367 -1.531806
v 2.703023 -0.016367 -1.565493
v 2.656656 0.076367 -1.708194
v 2.552977 0.076367 -1.674507
v 2.552977 0.076367 -1.565493
v 2.656656 0.076367 -1.531806
v 2.720734 0.076367 -1.620000
v 2.628000 0.133680 -1.620000
usemtl M012_Arbustos_verde_oscuro
f 2562 2561 2560
f 2565 2560 2561
f 2563 2562 2560
f 2564 2563 2560
f 2565 2564 2560
f 2570 2565 2561
f 2566 2561 2562
f 2567 2562 2563
f 2568 2563 2564
f 2569 2564 2565
f 2566 2570 2561
f 2567 2566 2562
f 2568 2567 2563
f 2569 2568 2564
f 2570 2569 2565
f 2571 2570 2566
f 2571 2566 2567
f 2571 2567 2568
f 2571 2568 2569
f 2571 2569 2570
o Matorral_04_1
v 2.748000 -0.084600 -1.608000
v 2.841779 -0.012959 -1.676133
v 2.712181 -0.012959 -1.718243
v 2.632082 -0.012959 -1.608000
v 2.712181 -0.012959 -1.497757
v 2.841779 -0.012959 -1.539867
v 2.783819 0.102959 -1.718243
v 2.654221 0.102959 -1.676133
v 2.654221 0.102959 -1.539867
v 2.783819 0.102959 -1.497757
v 2.863917 0.102959 -1.608000
v 2.748000 0.174600 -1.608000
usemtl M012_Arbustos_verde_oscuro
f 2574 2573 2572
f 2577 2572 2573
f 2575 2574 2572
f 2576 2575 2572
f 2577 2576 2572
f 2582 2577 2573
f 2578 2573 2574
f 2579 2574 2575
f 2580 2575 2576
f 2581 2576 2577
f 2578 2582 2573
f 2579 2578 2574
f 2580 2579 2575
f 2581 2580 2576
f 2582 2581 2577
f 2583 2582 2578
f 2583 2578 2579
f 2583 2579 2580
f 2583 2580 2581
f 2583 2581 2582
o Matorral_04_2
v 2.700000 -0.059040 -1.566000
v 2.768771 -0.006503 -1.615964
v 2.673732 -0.006503 -1.646845
v 2.614994 -0.006503 -1.566000
v 2.673732 -0.006503 -1.485155
v 2.768771 -0.006503 -1.516035
v 2.726268 0.078503 -1.646845
v 2.631229 0.078503 -1.615964
v 2.631229 0.078503 -1.516035
v 2.726268 0.078503 -1.485155
v 2.785006 0.078503 -1.566000
v 2.700000 0.131040 -1.566000
usemtl M012_Arbustos_verde_oscuro
f 2586 2585 2584
f 2589 2584 2585
f 2587 2586 2584
f 2588 2587 2584
f 2589 2588 2584
f 2594 2589 2585
f 2590 2585 2586
f 2591 2586 2587
f 2592 2587 2588
f 2593 2588 2589
f 2590 2594 2585
f 2591 2590 2586
f 2592 2591 2587
f 2593 2592 2588
f 2594 2593 2589
f 2595 2594 2590
f 2595 2590 2591
f 2595 2591 2592
f 2595 2592 2593
f 2595 2593 2594
o Palo_de_bandera
v 1.406250 -0.035250 1.111875
v 1.406250 0.887250 1.111875
v 1.398535 -0.035250 1.114382
v 1.398535 0.887250 1.114382
v 1.393767 -0.035250 1.120944
v 1.393767 0.887250 1.120944
v 1.393767 -0.035250 1.129056
v 1.393767 0.887250 1.129056
v 1.398535 -0.035250 1.135618
v 1.398535 0.887250 1.135618
v 1.406250 -0.035250 1.138125
v 1.406250 0.887250 1.138125
v 1.413965 -0.035250 1.135618
v 1.413965 0.887250 1.135618
v 1.418733 -0.035250 1.129056
v 1.418733 0.887250 1.129056
v 1.418733 -0.035250 1.120944
v 1.418733 0.887250 1.120944
v 1.413965 -0.035250 1.114382
v 1.413965 0.887250 1.114382
usemtl M013_Pelota_marfil
f 2598 2599 2597 2596
f 2600 2601 2599 2598
f 2602 2603 2601 2600
f 2604 2605 2603 2602
f 2606 2607 2605 2604
f 2608 2609 2607 2606
f 2610 2611 2609 2608
f 2612 2613 2611 2610
f 2601 2603 2605 2607 2609 2611 2613 2615 2597 2599
f 2614 2615 2613 2612
f 2596 2597 2615 2614
f 2614 2612 2610 2608 2606 2604 2602 2600 2598 2596
o Plataforma_de_salida
v -1.046250 -0.003750 -2.006250
v -1.046250 0.007500 -2.017500
v -1.057500 0.007500 -2.006250
v -1.046250 -0.002247 -2.011868
v -1.051868 -0.002247 -2.006250
v -1.051630 -0.000787 -2.011630
v -1.051868 0.007500 -2.015997
v -1.046250 0.001882 -2.015997
v -1.051630 0.002120 -2.014537
v -1.055997 0.001882 -2.006250
v -1.055997 0.007500 -2.011868
v -1.054537 0.002120 -2.011630
v -1.046250 0.007500 -2.017500
v -1.046250 0.018750 -2.006250
v -1.057500 0.007500 -2.006250
v -1.046250 0.013118 -2.015997
v -1.051868 0.007500 -2.015997
v -1.051630 0.012880 -2.014537
v -1.051868 0.017247 -2.006250
v -1.046250 0.017247 -2.011868
v -1.051630 0.015787 -2.011630
v -1.055997 0.007500 -2.011868
v -1.055997 0.013118 -2.006250
v -1.054537 0.012880 -2.011630
v -1.046250 -0.003750 -1.713750
v -1.057500 0.007500 -1.713750
v -1.046250 0.007500 -1.702500
v -1.051868 -0.002247 -1.713750
v -1.046250 -0.002247 -1.708132
v -1.051630 -0.000787 -1.708370
v -1.055997 0.007500 -1.708132
v -1.055997 0.001882 -1.713750
v -1.054537 0.002120 -1.708370
v -1.046250 0.001882 -1.704003
v -1.051868 0.007500 -1.704003
v -1.051630 0.002120 -1.705463
v -1.046250 0.018750 -1.713750
v -1.046250 0.007500 -1.702500
v -1.057500 0.007500 -1.713750
v -1.046250 0.017247 -1.708132
v -1.051868 0.017247 -1.713750
v -1.051630 0.015787 -1.708370
v -1.051868 0.007500 -1.704003
v -1.046250 0.013118 -1.704003
v -1.051630 0.012880 -1.705463
v -1.055997 0.013118 -1.713750
v -1.055997 0.007500 -1.708132
v -1.054537 0.012880 -1.708370
v -0.243750 -0.003750 -2.006250
v -0.232500 0.007500 -2.006250
v -0.243750 0.007500 -2.017500
v -0.238132 -0.002247 -2.006250
v -0.243750 -0.002247 -2.011868
v -0.238370 -0.000787 -2.011630
v -0.234003 0.007500 -2.011868
v -0.234003 0.001882 -2.006250
v -0.235463 0.002120 -2.011630
v -0.243750 0.001882 -2.015997
v -0.238132 0.007500 -2.015997
v -0.238370 0.002120 -2.014537
v -0.243750 0.018750 -2.006250
v -0.243750 0.007500 -2.017500
v -0.232500 0.007500 -2.006250
v -0.243750 0.017247 -2.011868
v -0.238132 0.017247 -2.006250
v -0.238370 0.015787 -2.011630
v -0.238132 0.007500 -2.015997
v -0.243750 0.013118 -2.015997
v -0.238370 0.012880 -2.014537
v -0.234003 0.013118 -2.006250
v -0.234003 0.007500 -2.011868
v -0.235463 0.012880 -2.011630
v -0.243750 -0.003750 -1.713750
v -0.243750 0.007500 -1.702500
v -0.232500 0.007500 -1.713750
v -0.243750 -0.002247 -1.708132
v -0.238132 -0.002247 -1.713750
v -0.238370 -0.000787 -1.708370
v -0.238132 0.007500 -1.704003
v -0.243750 0.001882 -1.704003
v -0.238370 0.002120 -1.705463
v -0.234003 0.001882 -1.713750
v -0.234003 0.007500 -1.708132
v -0.235463 0.002120 -1.708370
v -0.243750 0.018750 -1.713750
v -0.232500 0.007500 -1.713750
v -0.243750 0.007500 -1.702500
v -0.238132 0.017247 -1.713750
v -0.243750 0.017247 -1.708132
v -0.238370 0.015787 -1.708370
v -0.234003 0.007500 -1.708132
v -0.234003 0.013118 -1.713750
v -0.235463 0.012880 -1.708370
v -0.243750 0.013118 -1.704003
v -0.238132 0.007500 -1.704003
v -0.238370 0.012880 -1.705463
usemtl M014_Cesped_de_salida
f 2620 2621 2619 2616
f 2621 2624 2623 2619
f 2623 2624 2622 2617
f 2624 2627 2626 2622
f 2626 2627 2625 2618
f 2627 2621 2620 2625
f 2627 2624 2621
f 2632 2633 2631 2628
f 2633 2636 2635 2631
f 2635 2636 2634 2629
f 2636 2639 2638 2634
f 2638 2639 2637 2630
f 2639 2633 2632 2637
f 2639 2636 2633
f 2644 2645 2643 2640
f 2645 2648 2647 2643
f 2647 2648 2646 2641
f 2648 2651 2650 2646
f 2650 2651 2649 2642
f 2651 2645 2644 2649
f 2651 2648 2645
f 2656 2657 2655 2652
f 2657 2660 2659 2655
f 2659 2660 2658 2653
f 2660 2663 2662 2658
f 2662 2663 2661 2654
f 2663 2657 2656 2661
f 2663 2660 2657
f 2668 2669 2667 2664
f 2669 2672 2671 2667
f 2671 2672 2670 2665
f 2672 2675 2674 2670
f 2674 2675 2673 2666
f 2675 2669 2668 2673
f 2675 2672 2669
f 2680 2681 2679 2676
f 2681 2684 2683 2679
f 2683 2684 2682 2677
f 2684 2687 2686 2682
f 2686 2687 2685 2678
f 2687 2681 2680 2685
f 2687 2684 2681
f 2692 2693 2691 2688
f 2693 2696 2695 2691
f 2695 2696 2694 2689
f 2696 2699 2698 2694
f 2698 2699 2697 2690
f 2699 2693 2692 2697
f 2699 2696 2693
f 2704 2705 2703 2700
f 2705 2708 2707 2703
f 2707 2708 2706 2701
f 2708 2711 2710 2706
f 2710 2711 2709 2702
f 2711 2705 2704 2709
f 2711 2708 2705
f 2643 2620 2616 2640
f 2647 2625 2620 2643
f 2641 2618 2625 2647
f 2622 2632 2628 2617
f 2626 2637 2632 2622
f 2618 2630 2637 2626
f 2634 2656 2652 2629
f 2638 2661 2656 2634
f 2630 2654 2661 2638
f 2658 2650 2642 2653
f 2662 2646 2650 2658
f 2654 2641 2646 2662
f 2691 2644 2640 2688
f 2695 2649 2644 2691
f 2689 2642 2649 2695
f 2655 2704 2700 2652
f 2659 2709 2704 2655
f 2653 2702 2709 2659
f 2706 2698 2690 2701
f 2710 2694 2698 2706
f 2702 2689 2694 2710
f 2667 2692 2688 2664
f 2671 2697 2692 2667
f 2665 2690 2697 2671
f 2703 2680 2676 2700
f 2707 2685 2680 2703
f 2701 2678 2685 2707
f 2682 2674 2666 2677
f 2686 2670 2674 2682
f 2678 2665 2670 2686
f 2619 2668 2664 2616
f 2623 2673 2668 2619
f 2617 2666 2673 2623
f 2679 2635 2629 2676
f 2683 2631 2635 2679
f 2677 2628 2631 2683
f 2616 2664 2688 2640
f 2641 2654 2630 2618
f 2617 2628 2677 2666
f 2676 2629 2652 2700
f 2689 2702 2653 2642
f 2665 2678 2701 2690
o Rastrillado_bunker_0_0
v 0.328669 0.050931 1.536296
v 0.328552 0.051979 1.533750
v 0.328669 0.050931 1.531204
v 0.328953 0.048401 1.530150
v 0.329237 0.045872 1.531204
v 0.329354 0.044824 1.533750
v 0.329237 0.045872 1.536296
v 0.328953 0.048401 1.537350
v 0.370760 0.055652 1.536296
v 0.370660 0.056702 1.533750
v 0.370760 0.055652 1.531204
v 0.371002 0.053118 1.530150
v 0.371244 0.050584 1.531204
v 0.371344 0.049534 1.533750
v 0.371244 0.050584 1.536296
v 0.371002 0.053118 1.537350
v 0.412881 0.058971 1.536296
v 0.412810 0.060023 1.533750
v 0.412881 0.058971 1.531204
v 0.413052 0.056431 1.530150
v 0.413223 0.053891 1.531204
v 0.413293 0.052839 1.533750
v 0.413223 0.053891 1.536296
v 0.413052 0.056431 1.537350
v 0.454983 0.061317 1.536296
v 0.454934 0.062371 1.533750
v 0.454983 0.061317 1.531204
v 0.455101 0.058774 1.530150
v 0.455220 0.056232 1.531204
v 0.455269 0.055178 1.533750
v 0.455220 0.056232 1.536296
v 0.455101 0.058774 1.537350
v 0.497076 0.062894 1.536296
v 0.497045 0.063948 1.533750
v 0.497076 0.062894 1.531204
v 0.497151 0.060349 1.530150
v 0.497226 0.057805 1.531204
v 0.497257 0.056751 1.533750
v 0.497226 0.057805 1.536296
v 0.497151 0.060349 1.537350
v 0.539164 0.063805 1.536296
v 0.539149 0.064860 1.533750
v 0.539164 0.063805 1.531204
v 0.539200 0.061260 1.530150
v 0.539237 0.058715 1.531204
v 0.539252 0.057660 1.533750
v 0.539237 0.058715 1.536296
v 0.539200 0.061260 1.537350
v 0.581250 0.064104 1.536296
v 0.581250 0.065158 1.533750
v 0.581250 0.064104 1.531204
v 0.581250 0.061558 1.530150
v 0.581250 0.059013 1.531204
v 0.581250 0.057958 1.533750
v 0.581250 0.059013 1.536296
v 0.581250 0.061558 1.537350
v 0.623336 0.063805 1.536296
v 0.623351 0.064860 1.533750
v 0.623336 0.063805 1.531204
v 0.623300 0.061260 1.530150
v 0.623263 0.058715 1.531204
v 0.623248 0.057660 1.533750
v 0.623263 0.058715 1.536296
v 0.623300 0.061260 1.537350
v 0.665424 0.062894 1.536296
v 0.665455 0.063948 1.533750
v 0.665424 0.062894 1.531204
v 0.665349 0.060349 1.530150
v 0.665274 0.057805 1.531204
v 0.665243 0.056751 1.533750
v 0.665274 0.057805 1.536296
v 0.665349 0.060349 1.537350
v 0.707517 0.061317 1.536296
v 0.707566 0.062371 1.533750
v 0.707517 0.061317 1.531204
v 0.707399 0.058774 1.530150
v 0.707280 0.056232 1.531204
v 0.707231 0.055178 1.533750
v 0.707280 0.056232 1.536296
v 0.707399 0.058774 1.537350
v 0.749619 0.058971 1.536296
v 0.749690 0.060023 1.533750
v 0.749619 0.058971 1.531204
v 0.749448 0.056431 1.530150
v 0.749277 0.053891 1.531204
v 0.749207 0.052839 1.533750
v 0.749277 0.053891 1.536296
v 0.749448 0.056431 1.537350
v 0.791740 0.055652 1.536296
v 0.791840 0.056702 1.533750
v 0.791740 0.055652 1.531204
v 0.791498 0.053118 1.530150
v 0.791256 0.050584 1.531204
v 0.791156 0.049534 1.533750
v 0.791256 0.050584 1.536296
v 0.791498 0.053118 1.537350
v 0.833831 0.050931 1.536296
v 0.833948 0.051979 1.533750
v 0.833831 0.050931 1.531204
v 0.833547 0.048401 1.530150
v 0.833263 0.045872 1.531204
v 0.833146 0.044824 1.533750
v 0.833263 0.045872 1.536296
v 0.833547 0.048401 1.537350
usemtl M015_Marcas_de_rastrillo
f 2719 2727 2720 2712
f 2712 2720 2721 2713
f 2713 2721 2722 2714
f 2714 2722 2723 2715
f 2715 2723 2724 2716
f 2716 2724 2725 2717
f 2717 2725 2726 2718
f 2718 2726 2727 2719
f 2727 2735 2728 2720
f 2720 2728 2729 2721
f 2721 2729 2730 2722
f 2722 2730 2731 2723
f 2723 2731 2732 2724
f 2724 2732 2733 2725
f 2725 2733 2734 2726
f 2726 2734 2735 2727
f 2735 2743 2736 2728
f 2728 2736 2737 2729
f 2729 2737 2738 2730
f 2730 2738 2739 2731
f 2731 2739 2740 2732
f 2732 2740 2741 2733
f 2733 2741 2742 2734
f 2734 2742 2743 2735
f 2743 2751 2744 2736
f 2736 2744 2745 2737
f 2737 2745 2746 2738
f 2738 2746 2747 2739
f 2739 2747 2748 2740
f 2740 2748 2749 2741
f 2741 2749 2750 2742
f 2742 2750 2751 2743
f 2751 2759 2752 2744
f 2744 2752 2753 2745
f 2745 2753 2754 2746
f 2746 2754 2755 2747
f 2747 2755 2756 2748
f 2748 2756 2757 2749
f 2749 2757 2758 2750
f 2750 2758 2759 2751
f 2759 2767 2760 2752
f 2752 2760 2761 2753
f 2753 2761 2762 2754
f 2754 2762 2763 2755
f 2755 2763 2764 2756
f 2756 2764 2765 2757
f 2757 2765 2766 2758
f 2758 2766 2767 2759
f 2767 2775 2768 2760
f 2760 2768 2769 2761
f 2761 2769 2770 2762
f 2762 2770 2771 2763
f 2763 2771 2772 2764
f 2764 2772 2773 2765
f 2765 2773 2774 2766
f 2766 2774 2775 2767
f 2775 2783 2776 2768
f 2768 2776 2777 2769
f 2769 2777 2778 2770
f 2770 2778 2779 2771
f 2771 2779 2780 2772
f 2772 2780 2781 2773
f 2773 2781 2782 2774
f 2774 2782 2783 2775
f 2783 2791 2784 2776
f 2776 2784 2785 2777
f 2777 2785 2786 2778
f 2778 2786 2787 2779
f 2779 2787 2788 2780
f 2780 2788 2789 2781
f 2781 2789 2790 2782
f 2782 2790 2791 2783
f 2791 2799 2792 2784
f 2784 2792 2793 2785
f 2785 2793 2794 2786
f 2786 2794 2795 2787
f 2787 2795 2796 2788
f 2788 2796 2797 2789
f 2789 2797 2798 2790
f 2790 2798 2799 2791
f 2799 2807 2800 2792
f 2792 2800 2801 2793
f 2793 2801 2802 2794
f 2794 2802 2803 2795
f 2795 2803 2804 2796
f 2796 2804 2805 2797
f 2797 2805 2806 2798
f 2798 2806 2807 2799
f 2807 2815 2808 2800
f 2800 2808 2809 2801
f 2801 2809 2810 2802
f 2802 2810 2811 2803
f 2803 2811 2812 2804
f 2804 2812 2813 2805
f 2805 2813 2814 2806
f 2806 2814 2815 2807
o Rastrillado_bunker_0_1
v 0.313868 0.052222 1.575296
v 0.313750 0.053270 1.572750
v 0.313868 0.052222 1.570204
v 0.314152 0.049692 1.569150
v 0.314435 0.047162 1.570204
v 0.314553 0.046115 1.572750
v 0.314435 0.047162 1.575296
v 0.314152 0.049692 1.576350
v 0.358426 0.057220 1.575296
v 0.358326 0.058269 1.572750
v 0.358426 0.057220 1.570204
v 0.358668 0.054686 1.569150
v 0.358910 0.052152 1.570204
v 0.359010 0.051102 1.572750
v 0.358910 0.052152 1.575296
v 0.358668 0.054686 1.576350
v 0.403014 0.060733 1.575296
v 0.402943 0.061785 1.572750
v 0.403014 0.060733 1.570204
v 0.403184 0.058193 1.569150
v 0.403355 0.055653 1.570204
v 0.403426 0.054601 1.572750
v 0.403355 0.055653 1.575296
v 0.403184 0.058193 1.576350
v 0.447582 0.063217 1.575296
v 0.447533 0.064270 1.572750
v 0.447582 0.063217 1.570204
v 0.447701 0.060674 1.569150
v 0.447819 0.058131 1.570204
v 0.447868 0.057078 1.572750
v 0.447819 0.058131 1.575296
v 0.447701 0.060674 1.576350
v 0.492142 0.064885 1.575296
v 0.492111 0.065939 1.572750
v 0.492142 0.064885 1.570204
v 0.492217 0.062341 1.569150
v 0.492292 0.059797 1.570204
v 0.492324 0.058743 1.572750
v 0.492292 0.059797 1.575296
v 0.492217 0.062341 1.576350
v 0.536697 0.065851 1.575296
v 0.536682 0.066905 1.572750
v 0.536697 0.065851 1.570204
v 0.536734 0.063305 1.569150
v 0.536770 0.060760 1.570204
v 0.536785 0.059706 1.572750
v 0.536770 0.060760 1.575296
v 0.536734 0.063305 1.576350
v 0.581250 0.066167 1.575296
v 0.581250 0.067221 1.572750
v 0.581250 0.066167 1.570204
v 0.581250 0.063621 1.569150
v 0.581250 0.061075 1.570204
v 0.581250 0.060021 1.572750
v 0.581250 0.061075 1.575296
v 0.581250 0.063621 1.576350
v 0.625803 0.065851 1.575296
v 0.625818 0.066905 1.572750
v 0.625803 0.065851 1.570204
v 0.625766 0.063305 1.569150
v 0.625730 0.060760 1.570204
v 0.625715 0.059706 1.572750
v 0.625730 0.060760 1.575296
v 0.625766 0.063305 1.576350
v 0.670358 0.064885 1.575296
v 0.670389 0.065939 1.572750
v 0.670358 0.064885 1.570204
v 0.670283 0.062341 1.569150
v 0.670208 0.059797 1.570204
v 0.670176 0.058743 1.572750
v 0.670208 0.059797 1.575296
v 0.670283 0.062341 1.576350
v 0.714918 0.063217 1.575296
v 0.714967 0.064270 1.572750
v 0.714918 0.063217 1.570204
v 0.714799 0.060674 1.569150
v 0.714681 0.058131 1.570204
v 0.714632 0.057078 1.572750
v 0.714681 0.058131 1.575296
v 0.714799 0.060674 1.576350
v 0.759486 0.060733 1.575296
v 0.759557 0.061785 1.572750
v 0.759486 0.060733 1.570204
v 0.759316 0.058193 1.569150
v 0.759145 0.055653 1.570204
v 0.759074 0.054601 1.572750
v 0.759145 0.055653 1.575296
v 0.759316 0.058193 1.576350
v 0.804074 0.057220 1.575296
v 0.804174 0.058269 1.572750
v 0.804074 0.057220 1.570204
v 0.803832 0.054686 1.569150
v 0.803590 0.052152 1.570204
v 0.803490 0.051102 1.572750
v 0.803590 0.052152 1.575296
v 0.803832 0.054686 1.576350
v 0.848632 0.052222 1.575296
v 0.848750 0.053270 1.572750
v 0.848632 0.052222 1.570204
v 0.848348 0.049692 1.569150
v 0.848065 0.047162 1.570204
v 0.847947 0.046115 1.572750
v 0.848065 0.047162 1.575296
v 0.848348 0.049692 1.576350
usemtl M015_Marcas_de_rastrillo
f 2823 2831 2824 2816
f 2816 2824 2825 2817
f 2817 2825 2826 2818
f 2818 2826 2827 2819
f 2819 2827 2828 2820
f 2820 2828 2829 2821
f 2821 2829 2830 2822
f 2822 2830 2831 2823
f 2831 2839 2832 2824
f 2824 2832 2833 2825
f 2825 2833 2834 2826
f 2826 2834 2835 2827
f 2827 2835 2836 2828
f 2828 2836 2837 2829
f 2829 2837 2838 2830
f 2830 2838 2839 2831
f 2839 2847 2840 2832
f 2832 2840 2841 2833
f 2833 2841 2842 2834
f 2834 2842 2843 2835
f 2835 2843 2844 2836
f 2836 2844 2845 2837
f 2837 2845 2846 2838
f 2838 2846 2847 2839
f 2847 2855 2848 2840
f 2840 2848 2849 2841
f 2841 2849 2850 2842
f 2842 2850 2851 2843
f 2843 2851 2852 2844
f 2844 2852 2853 2845
f 2845 2853 2854 2846
f 2846 2854 2855 2847
f 2855 2863 2856 2848
f 2848 2856 2857 2849
f 2849 2857 2858 2850
f 2850 2858 2859 2851
f 2851 2859 2860 2852
f 2852 2860 2861 2853
f 2853 2861 2862 2854
f 2854 2862 2863 2855
f 2863 2871 2864 2856
f 2856 2864 2865 2857
f 2857 2865 2866 2858
f 2858 2866 2867 2859
f 2859 2867 2868 2860
f 2860 2868 2869 2861
f 2861 2869 2870 2862
f 2862 2870 2871 2863
f 2871 2879 2872 2864
f 2864 2872 2873 2865
f 2865 2873 2874 2866
f 2866 2874 2875 2867
f 2867 2875 2876 2868
f 2868 2876 2877 2869
f 2869 2877 2878 2870
f 2870 2878 2879 2871
f 2879 2887 2880 2872
f 2872 2880 2881 2873
f 2873 2881 2882 2874
f 2874 2882 2883 2875
f 2875 2883 2884 2876
f 2876 2884 2885 2877
f 2877 2885 2886 2878
f 2878 2886 2887 2879
f 2887 2895 2888 2880
f 2880 2888 2889 2881
f 2881 2889 2890 2882
f 2882 2890 2891 2883
f 2883 2891 2892 2884
f 2884 2892 2893 2885
f 2885 2893 2894 2886
f 2886 2894 2895 2887
f 2895 2903 2896 2888
f 2888 2896 2897 2889
f 2889 2897 2898 2890
f 2890 2898 2899 2891
f 2891 2899 2900 2892
f 2892 2900 2901 2893
f 2893 2901 2902 2894
f 2894 2902 2903 2895
f 2903 2911 2904 2896
f 2896 2904 2905 2897
f 2897 2905 2906 2898
f 2898 2906 2907 2899
f 2899 2907 2908 2900
f 2900 2908 2909 2901
f 2901 2909 2910 2902
f 2902 2910 2911 2903
f 2911 2919 2912 2904
f 2904 2912 2913 2905
f 2905 2913 2914 2906
f 2906 2914 2915 2907
f 2907 2915 2916 2908
f 2908 2916 2917 2909
f 2909 2917 2918 2910
f 2910 2918 2919 2911
o Rastrillado_bunker_0_2
v 0.313868 0.052222 1.617296
v 0.313750 0.053270 1.614750
v 0.313868 0.052222 1.612204
v 0.314152 0.049692 1.611150
v 0.314435 0.047162 1.612204
v 0.314553 0.046115 1.614750
v 0.314435 0.047162 1.617296
v 0.314152 0.049692 1.618350
v 0.358426 0.057220 1.617296
v 0.358326 0.058269 1.614750
v 0.358426 0.057220 1.612204
v 0.358668 0.054686 1.611150
v 0.358910 0.052152 1.612204
v 0.359010 0.051102 1.614750
v 0.358910 0.052152 1.617296
v 0.358668 0.054686 1.618350
v 0.403014 0.060733 1.617296
v 0.402943 0.061785 1.614750
v 0.403014 0.060733 1.612204
v 0.403184 0.058193 1.611150
v 0.403355 0.055653 1.612204
v 0.403426 0.054601 1.614750
v 0.403355 0.055653 1.617296
v 0.403184 0.058193 1.618350
v 0.447582 0.063217 1.617296
v 0.447533 0.064270 1.614750
v 0.447582 0.063217 1.612204
v 0.447701 0.060674 1.611150
v 0.447819 0.058131 1.612204
v 0.447868 0.057078 1.614750
v 0.447819 0.058131 1.617296
v 0.447701 0.060674 1.618350
v 0.492142 0.064885 1.617296
v 0.492111 0.065939 1.614750
v 0.492142 0.064885 1.612204
v 0.492217 0.062341 1.611150
v 0.492292 0.059797 1.612204
v 0.492324 0.058743 1.614750
v 0.492292 0.059797 1.617296
v 0.492217 0.062341 1.618350
v 0.536697 0.065851 1.617296
v 0.536682 0.066905 1.614750
v 0.536697 0.065851 1.612204
v 0.536734 0.063305 1.611150
v 0.536770 0.060760 1.612204
v 0.536785 0.059706 1.614750
v 0.536770 0.060760 1.617296
v 0.536734 0.063305 1.618350
v 0.581250 0.066167 1.617296
v 0.581250 0.067221 1.614750
v 0.581250 0.066167 1.612204
v 0.581250 0.063621 1.611150
v 0.581250 0.061075 1.612204
v 0.581250 0.060021 1.614750
v 0.581250 0.061075 1.617296
v 0.581250 0.063621 1.618350
v 0.625803 0.065851 1.617296
v 0.625818 0.066905 1.614750
v 0.625803 0.065851 1.612204
v 0.625766 0.063305 1.611150
v 0.625730 0.060760 1.612204
v 0.625715 0.059706 1.614750
v 0.625730 0.060760 1.617296
v 0.625766 0.063305 1.618350
v 0.670358 0.064885 1.617296
v 0.670389 0.065939 1.614750
v 0.670358 0.064885 1.612204
v 0.670283 0.062341 1.611150
v 0.670208 0.059797 1.612204
v 0.670176 0.058743 1.614750
v 0.670208 0.059797 1.617296
v 0.670283 0.062341 1.618350
v 0.714918 0.063217 1.617296
v 0.714967 0.064270 1.614750
v 0.714918 0.063217 1.612204
v 0.714799 0.060674 1.611150
v 0.714681 0.058131 1.612204
v 0.714632 0.057078 1.614750
v 0.714681 0.058131 1.617296
v 0.714799 0.060674 1.618350
v 0.759486 0.060733 1.617296
v 0.759557 0.061785 1.614750
v 0.759486 0.060733 1.612204
v 0.759316 0.058193 1.611150
v 0.759145 0.055653 1.612204
v 0.759074 0.054601 1.614750
v 0.759145 0.055653 1.617296
v 0.759316 0.058193 1.618350
v 0.804074 0.057220 1.617296
v 0.804174 0.058269 1.614750
v 0.804074 0.057220 1.612204
v 0.803832 0.054686 1.611150
v 0.803590 0.052152 1.612204
v 0.803490 0.051102 1.614750
v 0.803590 0.052152 1.617296
v 0.803832 0.054686 1.618350
v 0.848632 0.052222 1.617296
v 0.848750 0.053270 1.614750
v 0.848632 0.052222 1.612204
v 0.848348 0.049692 1.611150
v 0.848065 0.047162 1.612204
v 0.847947 0.046115 1.614750
v 0.848065 0.047162 1.617296
v 0.848348 0.049692 1.618350
usemtl M015_Marcas_de_rastrillo
f 2927 2935 2928 2920
f 2920 2928 2929 2921
f 2921 2929 2930 2922
f 2922 2930 2931 2923
f 2923 2931 2932 2924
f 2924 2932 2933 2925
f 2925 2933 2934 2926
f 2926 2934 2935 2927
f 2935 2943 2936 2928
f 2928 2936 2937 2929
f 2929 2937 2938 2930
f 2930 2938 2939 2931
f 2931 2939 2940 2932
f 2932 2940 2941 2933
f 2933 2941 2942 2934
f 2934 2942 2943 2935
f 2943 2951 2944 2936
f 2936 2944 2945 2937
f 2937 2945 2946 2938
f 2938 2946 2947 2939
f 2939 2947 2948 2940
f 2940 2948 2949 2941
f 2941 2949 2950 2942
f 2942 2950 2951 2943
f 2951 2959 2952 2944
f 2944 2952 2953 2945
f 2945 2953 2954 2946
f 2946 2954 2955 2947
f 2947 2955 2956 2948
f 2948 2956 2957 2949
f 2949 2957 2958 2950
f 2950 2958 2959 2951
f 2959 2967 2960 2952
f 2952 2960 2961 2953
f 2953 2961 2962 2954
f 2954 2962 2963 2955
f 2955 2963 2964 2956
f 2956 2964 2965 2957
f 2957 2965 2966 2958
f 2958 2966 2967 2959
f 2967 2975 2968 2960
f 2960 2968 2969 2961
f 2961 2969 2970 2962
f 2962 2970 2971 2963
f 2963 2971 2972 2964
f 2964 2972 2973 2965
f 2965 2973 2974 2966
f 2966 2974 2975 2967
f 2975 2983 2976 2968
f 2968 2976 2977 2969
f 2969 2977 2978 2970
f 2970 2978 2979 2971
f 2971 2979 2980 2972
f 2972 2980 2981 2973
f 2973 2981 2982 2974
f 2974 2982 2983 2975
f 2983 2991 2984 2976
f 2976 2984 2985 2977
f 2977 2985 2986 2978
f 2978 2986 2987 2979
f 2979 2987 2988 2980
f 2980 2988 2989 2981
f 2981 2989 2990 2982
f 2982 2990 2991 2983
f 2991 2999 2992 2984
f 2984 2992 2993 2985
f 2985 2993 2994 2986
f 2986 2994 2995 2987
f 2987 2995 2996 2988
f 2988 2996 2997 2989
f 2989 2997 2998 2990
f 2990 2998 2999 2991
f 2999 3007 3000 2992
f 2992 3000 3001 2993
f 2993 3001 3002 2994
f 2994 3002 3003 2995
f 2995 3003 3004 2996
f 2996 3004 3005 2997
f 2997 3005 3006 2998
f 2998 3006 3007 2999
f 3007 3015 3008 3000
f 3000 3008 3009 3001
f 3001 3009 3010 3002
f 3002 3010 3011 3003
f 3003 3011 3012 3004
f 3004 3012 3013 3005
f 3005 3013 3014 3006
f 3006 3014 3015 3007
f 3015 3023 3016 3008
f 3008 3016 3017 3009
f 3009 3017 3018 3010
f 3010 3018 3019 3011
f 3011 3019 3020 3012
f 3012 3020 3021 3013
f 3013 3021 3022 3014
f 3014 3022 3023 3015
o Rastrillado_bunker_0_3
v 0.328669 0.050931 1.656296
v 0.328552 0.051979 1.653750
v 0.328669 0.050931 1.651204
v 0.328953 0.048401 1.650150
v 0.329237 0.045872 1.651204
v 0.329354 0.044824 1.653750
v 0.329237 0.045872 1.656296
v 0.328953 0.048401 1.657350
v 0.370760 0.055652 1.656296
v 0.370660 0.056702 1.653750
v 0.370760 0.055652 1.651204
v 0.371002 0.053118 1.650150
v 0.371244 0.050584 1.651204
v 0.371344 0.049534 1.653750
v 0.371244 0.050584 1.656296
v 0.371002 0.053118 1.657350
v 0.412881 0.058971 1.656296
v 0.412810 0.060023 1.653750
v 0.412881 0.058971 1.651204
v 0.413052 0.056431 1.650150
v 0.413223 0.053891 1.651204
v 0.413293 0.052839 1.653750
v 0.413223 0.053891 1.656296
v 0.413052 0.056431 1.657350
v 0.454983 0.061317 1.656296
v 0.454934 0.062371 1.653750
v 0.454983 0.061317 1.651204
v 0.455101 0.058774 1.650150
v 0.455220 0.056232 1.651204
v 0.455269 0.055178 1.653750
v 0.455220 0.056232 1.656296
v 0.455101 0.058774 1.657350
v 0.497076 0.062894 1.656296
v 0.497045 0.063948 1.653750
v 0.497076 0.062894 1.651204
v 0.497151 0.060349 1.650150
v 0.497226 0.057805 1.651204
v 0.497257 0.056751 1.653750
v 0.497226 0.057805 1.656296
v 0.497151 0.060349 1.657350
v 0.539164 0.063805 1.656296
v 0.539149 0.064860 1.653750
v 0.539164 0.063805 1.651204
v 0.539200 0.061260 1.650150
v 0.539237 0.058715 1.651204
v 0.539252 0.057660 1.653750
v 0.539237 0.058715 1.656296
v 0.539200 0.061260 1.657350
v 0.581250 0.064104 1.656296
v 0.581250 0.065158 1.653750
v 0.581250 0.064104 1.651204
v 0.581250 0.061558 1.650150
v 0.581250 0.059013 1.651204
v 0.581250 0.057958 1.653750
v 0.581250 0.059013 1.656296
v 0.581250 0.061558 1.657350
v 0.623336 0.063805 1.656296
v 0.623351 0.064860 1.653750
v 0.623336 0.063805 1.651204
v 0.623300 0.061260 1.650150
v 0.623263 0.058715 1.651204
v 0.623248 0.057660 1.653750
v 0.623263 0.058715 1.656296
v 0.623300 0.061260 1.657350
v 0.665424 0.062894 1.656296
v 0.665455 0.063948 1.653750
v 0.665424 0.062894 1.651204
v 0.665349 0.060349 1.650150
v 0.665274 0.057805 1.651204
v 0.665243 0.056751 1.653750
v 0.665274 0.057805 1.656296
v 0.665349 0.060349 1.657350
v 0.707517 0.061317 1.656296
v 0.707566 0.062371 1.653750
v 0.707517 0.061317 1.651204
v 0.707399 0.058774 1.650150
v 0.707280 0.056232 1.651204
v 0.707231 0.055178 1.653750
v 0.707280 0.056232 1.656296
v 0.707399 0.058774 1.657350
v 0.749619 0.058971 1.656296
v 0.749690 0.060023 1.653750
v 0.749619 0.058971 1.651204
v 0.749448 0.056431 1.650150
v 0.749277 0.053891 1.651204
v 0.749207 0.052839 1.653750
v 0.749277 0.053891 1.656296
v 0.749448 0.056431 1.657350
v 0.791740 0.055652 1.656296
v 0.791840 0.056702 1.653750
v 0.791740 0.055652 1.651204
v 0.791498 0.053118 1.650150
v 0.791256 0.050584 1.651204
v 0.791156 0.049534 1.653750
v 0.791256 0.050584 1.656296
v 0.791498 0.053118 1.657350
v 0.833831 0.050931 1.656296
v 0.833948 0.051979 1.653750
v 0.833831 0.050931 1.651204
v 0.833547 0.048401 1.650150
v 0.833263 0.045872 1.651204
v 0.833146 0.044824 1.653750
v 0.833263 0.045872 1.656296
v 0.833547 0.048401 1.657350
usemtl M015_Marcas_de_rastrillo
f 3031 3039 3032 3024
f 3024 3032 3033 3025
f 3025 3033 3034 3026
f 3026 3034 3035 3027
f 3027 3035 3036 3028
f 3028 3036 3037 3029
f 3029 3037 3038 3030
f 3030 3038 3039 3031
f 3039 3047 3040 3032
f 3032 3040 3041 3033
f 3033 3041 3042 3034
f 3034 3042 3043 3035
f 3035 3043 3044 3036
f 3036 3044 3045 3037
f 3037 3045 3046 3038
f 3038 3046 3047 3039
f 3047 3055 3048 3040
f 3040 3048 3049 3041
f 3041 3049 3050 3042
f 3042 3050 3051 3043
f 3043 3051 3052 3044
f 3044 3052 3053 3045
f 3045 3053 3054 3046
f 3046 3054 3055 3047
f 3055 3063 3056 3048
f 3048 3056 3057 3049
f 3049 3057 3058 3050
f 3050 3058 3059 3051
f 3051 3059 3060 3052
f 3052 3060 3061 3053
f 3053 3061 3062 3054
f 3054 3062 3063 3055
f 3063 3071 3064 3056
f 3056 3064 3065 3057
f 3057 3065 3066 3058
f 3058 3066 3067 3059
f 3059 3067 3068 3060
f 3060 3068 3069 3061
f 3061 3069 3070 3062
f 3062 3070 3071 3063
f 3071 3079 3072 3064
f 3064 3072 3073 3065
f 3065 3073 3074 3066
f 3066 3074 3075 3067
f 3067 3075 3076 3068
f 3068 3076 3077 3069
f 3069 3077 3078 3070
f 3070 3078 3079 3071
f 3079 3087 3080 3072
f 3072 3080 3081 3073
f 3073 3081 3082 3074
f 3074 3082 3083 3075
f 3075 3083 3084 3076
f 3076 3084 3085 3077
f 3077 3085 3086 3078
f 3078 3086 3087 3079
f 3087 3095 3088 3080
f 3080 3088 3089 3081
f 3081 3089 3090 3082
f 3082 3090 3091 3083
f 3083 3091 3092 3084
f 3084 3092 3093 3085
f 3085 3093 3094 3086
f 3086 3094 3095 3087
f 3095 3103 3096 3088
f 3088 3096 3097 3089
f 3089 3097 3098 3090
f 3090 3098 3099 3091
f 3091 3099 3100 3092
f 3092 3100 3101 3093
f 3093 3101 3102 3094
f 3094 3102 3103 3095
f 3103 3111 3104 3096
f 3096 3104 3105 3097
f 3097 3105 3106 3098
f 3098 3106 3107 3099
f 3099 3107 3108 3100
f 3100 3108 3109 3101
f 3101 3109 3110 3102
f 3102 3110 3111 3103
f 3111 3119 3112 3104
f 3104 3112 3113 3105
f 3105 3113 3114 3106
f 3106 3114 3115 3107
f 3107 3115 3116 3108
f 3108 3116 3117 3109
f 3109 3117 3118 3110
f 3110 3118 3119 3111
f 3119 3127 3120 3112
f 3112 3120 3121 3113
f 3113 3121 3122 3114
f 3114 3122 3123 3115
f 3115 3123 3124 3116
f 3116 3124 3125 3117
f 3117 3125 3126 3118
f 3118 3126 3127 3119
o Rastrillado_bunker_1_0
v 1.652918 0.050623 1.461296
v 1.652786 0.051669 1.458750
v 1.652918 0.050623 1.456204
v 1.653236 0.048097 1.455150
v 1.653554 0.045572 1.456204
v 1.653685 0.044525 1.458750
v 1.653554 0.045572 1.461296
v 1.653236 0.048097 1.462350
v 1.689926 0.055280 1.461296
v 1.689813 0.056328 1.458750
v 1.689926 0.055280 1.456204
v 1.690197 0.052749 1.455150
v 1.690468 0.050218 1.456204
v 1.690580 0.049169 1.458750
v 1.690468 0.050218 1.461296
v 1.690197 0.052749 1.462350
v 1.726966 0.058554 1.461296
v 1.726887 0.059606 1.458750
v 1.726966 0.058554 1.456204
v 1.727157 0.056016 1.455150
v 1.727349 0.053478 1.456204
v 1.727428 0.052426 1.458750
v 1.727349 0.053478 1.461296
v 1.727157 0.056016 1.462350
v 1.763985 0.060869 1.461296
v 1.763930 0.061922 1.458750
v 1.763985 0.060869 1.456204
v 1.764118 0.058327 1.455150
v 1.764251 0.055785 1.456204
v 1.764306 0.054732 1.458750
v 1.764251 0.055785 1.461296
v 1.764118 0.058327 1.462350
v 1.800994 0.062424 1.461296
v 1.800959 0.063478 1.458750
v 1.800994 0.062424 1.456204
v 1.801079 0.059880 1.455150
v 1.801163 0.057336 1.456204
v 1.801198 0.056282 1.458750
v 1.801163 0.057336 1.461296
v 1.801079 0.059880 1.462350
v 1.837998 0.063323 1.461296
v 1.837981 0.064378 1.458750
v 1.837998 0.063323 1.456204
v 1.838039 0.060778 1.455150
v 1.838080 0.058233 1.456204
v 1.838097 0.057179 1.458750
v 1.838080 0.058233 1.461296
v 1.838039 0.060778 1.462350
v 1.875000 0.063618 1.461296
v 1.875000 0.064672 1.458750
v 1.875000 0.063618 1.456204
v 1.875000 0.061072 1.455150
v 1.875000 0.058527 1.456204
v 1.875000 0.057472 1.458750
v 1.875000 0.058527 1.461296
v 1.875000 0.061072 1.462350
v 1.912002 0.063323 1.461296
v 1.912019 0.064378 1.458750
v 1.912002 0.063323 1.456204
v 1.911961 0.060778 1.455150
v 1.911920 0.058233 1.456204
v 1.911903 0.057179 1.458750
v 1.911920 0.058233 1.461296
v 1.911961 0.060778 1.462350
v 1.949006 0.062424 1.461296
v 1.949041 0.063478 1.458750
v 1.949006 0.062424 1.456204
v 1.948921 0.059880 1.455150
v 1.948837 0.057336 1.456204
v 1.948802 0.056282 1.458750
v 1.948837 0.057336 1.461296
v 1.948921 0.059880 1.462350
v 1.986015 0.060869 1.461296
v 1.986070 0.061922 1.458750
v 1.986015 0.060869 1.456204
v 1.985882 0.058327 1.455150
v 1.985749 0.055785 1.456204
v 1.985694 0.054732 1.458750
v 1.985749 0.055785 1.461296
v 1.985882 0.058327 1.462350
v 2.023034 0.058554 1.461296
v 2.023113 0.059606 1.458750
v 2.023034 0.058554 1.456204
v 2.022843 0.056016 1.455150
v 2.022651 0.053478 1.456204
v 2.022572 0.052426 1.458750
v 2.022651 0.053478 1.461296
v 2.022843 0.056016 1.462350
v 2.060074 0.055280 1.461296
v 2.060187 0.056328 1.458750
v 2.060074 0.055280 1.456204
v 2.059803 0.052749 1.455150
v 2.059532 0.050218 1.456204
v 2.059420 0.049169 1.458750
v 2.059532 0.050218 1.461296
v 2.059803 0.052749 1.462350
v 2.097082 0.050623 1.461296
v 2.097214 0.051669 1.458750
v 2.097082 0.050623 1.456204
v 2.096764 0.048097 1.455150
v 2.096446 0.045572 1.456204
v 2.096315 0.044525 1.458750
v 2.096446 0.045572 1.461296
v 2.096764 0.048097 1.462350
usemtl M015_Marcas_de_rastrillo
f 3135 3143 3136 3128
f 3128 3136 3137 3129
f 3129 3137 3138 3130
f 3130 3138 3139 3131
f 3131 3139 3140 3132
f 3132 3140 3141 3133
f 3133 3141 3142 3134
f 3134 3142 3143 3135
f 3143 3151 3144 3136
f 3136 3144 3145 3137
f 3137 3145 3146 3138
f 3138 3146 3147 3139
f 3139 3147 3148 3140
f 3140 3148 3149 3141
f 3141 3149 3150 3142
f 3142 3150 3151 3143
f 3151 3159 3152 3144
f 3144 3152 3153 3145
f 3145 3153 3154 3146
f 3146 3154 3155 3147
f 3147 3155 3156 3148
f 3148 3156 3157 3149
f 3149 3157 3158 3150
f 3150 3158 3159 3151
f 3159 3167 3160 3152
f 3152 3160 3161 3153
f 3153 3161 3162 3154
f 3154 3162 3163 3155
f 3155 3163 3164 3156
f 3156 3164 3165 3157
f 3157 3165 3166 3158
f 3158 3166 3167 3159
f 3167 3175 3168 3160
f 3160 3168 3169 3161
f 3161 3169 3170 3162
f 3162 3170 3171 3163
f 3163 3171 3172 3164
f 3164 3172 3173 3165
f 3165 3173 3174 3166
f 3166 3174 3175 3167
f 3175 3183 3176 3168
f 3168 3176 3177 3169
f 3169 3177 3178 3170
f 3170 3178 3179 3171
f 3171 3179 3180 3172
f 3172 3180 3181 3173
f 3173 3181 3182 3174
f 3174 3182 3183 3175
f 3183 3191 3184 3176
f 3176 3184 3185 3177
f 3177 3185 3186 3178
f 3178 3186 3187 3179
f 3179 3187 3188 3180
f 3180 3188 3189 3181
f 3181 3189 3190 3182
f 3182 3190 3191 3183
f 3191 3199 3192 3184
f 3184 3192 3193 3185
f 3185 3193 3194 3186
f 3186 3194 3195 3187
f 3187 3195 3196 3188
f 3188 3196 3197 3189
f 3189 3197 3198 3190
f 3190 3198 3199 3191
f 3199 3207 3200 3192
f 3192 3200 3201 3193
f 3193 3201 3202 3194
f 3194 3202 3203 3195
f 3195 3203 3204 3196
f 3196 3204 3205 3197
f 3197 3205 3206 3198
f 3198 3206 3207 3199
f 3207 3215 3208 3200
f 3200 3208 3209 3201
f 3201 3209 3210 3202
f 3202 3210 3211 3203
f 3203 3211 3212 3204
f 3204 3212 3213 3205
f 3205 3213 3214 3206
f 3206 3214 3215 3207
f 3215 3223 3216 3208
f 3208 3216 3217 3209
f 3209 3217 3218 3210
f 3210 3218 3219 3211
f 3211 3219 3220 3212
f 3212 3220 3221 3213
f 3213 3221 3222 3214
f 3214 3222 3223 3215
f 3223 3231 3224 3216
f 3216 3224 3225 3217
f 3217 3225 3226 3218
f 3218 3226 3227 3219
f 3219 3227 3228 3220
f 3220 3228 3229 3221
f 3221 3229 3230 3222
f 3222 3230 3231 3223
o Rastrillado_bunker_1_1
v 1.636974 0.052183 1.500296
v 1.636842 0.053229 1.497750
v 1.636974 0.052183 1.495204
v 1.637292 0.049657 1.494150
v 1.637609 0.047132 1.495204
v 1.637741 0.046085 1.497750
v 1.637609 0.047132 1.500296
v 1.637292 0.049657 1.501350
v 1.676639 0.057174 1.500296
v 1.676526 0.058223 1.497750
v 1.676639 0.057174 1.495204
v 1.676910 0.054643 1.494150
v 1.677181 0.052112 1.495204
v 1.677293 0.051064 1.497750
v 1.677181 0.052112 1.500296
v 1.676910 0.054643 1.501350
v 1.716336 0.060684 1.500296
v 1.716257 0.061735 1.497750
v 1.716336 0.060684 1.495204
v 1.716528 0.058145 1.494150
v 1.716719 0.055607 1.495204
v 1.716798 0.054555 1.497750
v 1.716719 0.055607 1.500296
v 1.716528 0.058145 1.501350
v 1.756013 0.063164 1.500296
v 1.755958 0.064217 1.497750
v 1.756013 0.063164 1.495204
v 1.756146 0.060622 1.494150
v 1.756279 0.058080 1.495204
v 1.756334 0.057027 1.497750
v 1.756279 0.058080 1.500296
v 1.756146 0.060622 1.501350
v 1.795679 0.064831 1.500296
v 1.795645 0.065885 1.497750
v 1.795679 0.064831 1.495204
v 1.795764 0.062287 1.494150
v 1.795848 0.059743 1.495204
v 1.795883 0.058689 1.497750
v 1.795848 0.059743 1.500296
v 1.795764 0.062287 1.501350
v 1.835341 0.065795 1.500296
v 1.835324 0.066849 1.497750
v 1.835341 0.065795 1.495204
v 1.835382 0.063250 1.494150
v 1.835423 0.060705 1.495204
v 1.835440 0.059650 1.497750
v 1.835423 0.060705 1.500296
v 1.835382 0.063250 1.501350
v 1.875000 0.066111 1.500296
v 1.875000 0.067165 1.497750
v 1.875000 0.066111 1.495204
v 1.875000 0.063565 1.494150
v 1.875000 0.061020 1.495204
v 1.875000 0.059965 1.497750
v 1.875000 0.061020 1.500296
v 1.875000 0.063565 1.501350
v 1.914659 0.065795 1.500296
v 1.914676 0.066849 1.497750
v 1.914659 0.065795 1.495204
v 1.914618 0.063250 1.494150
v 1.914577 0.060705 1.495204
v 1.914560 0.059650 1.497750
v 1.914577 0.060705 1.500296
v 1.914618 0.063250 1.501350
v 1.954321 0.064831 1.500296
v 1.954355 0.065885 1.497750
v 1.954321 0.064831 1.495204
v 1.954236 0.062287 1.494150
v 1.954152 0.059743 1.495204
v 1.954117 0.058689 1.497750
v 1.954152 0.059743 1.500296
v 1.954236 0.062287 1.501350
v 1.993987 0.063164 1.500296
v 1.994042 0.064217 1.497750
v 1.993987 0.063164 1.495204
v 1.993854 0.060622 1.494150
v 1.993721 0.058080 1.495204
v 1.993666 0.057027 1.497750
v 1.993721 0.058080 1.500296
v 1.993854 0.060622 1.501350
v 2.033664 0.060684 1.500296
v 2.033743 0.061735 1.497750
v 2.033664 0.060684 1.495204
v 2.033472 0.058145 1.494150
v 2.033281 0.055607 1.495204
v 2.033202 0.054555 1.497750
v 2.033281 0.055607 1.500296
v 2.033472 0.058145 1.501350
v 2.073361 0.057174 1.500296
v 2.073474 0.058223 1.497750
v 2.073361 0.057174 1.495204
v 2.073090 0.054643 1.494150
v 2.072819 0.052112 1.495204
v 2.072707 0.051064 1.497750
v 2.072819 0.052112 1.500296
v 2.073090 0.054643 1.501350
v 2.113026 0.052183 1.500296
v 2.113158 0.053229 1.497750
v 2.113026 0.052183 1.495204
v 2.112708 0.049657 1.494150
v 2.112391 0.047132 1.495204
v 2.112259 0.046085 1.497750
v 2.112391 0.047132 1.500296
v 2.112708 0.049657 1.501350
usemtl M015_Marcas_de_rastrillo
f 3239 3247 3240 3232
f 3232 3240 3241 3233
f 3233 3241 3242 3234
f 3234 3242 3243 3235
f 3235 3243 3244 3236
f 3236 3244 3245 3237
f 3237 3245 3246 3238
f 3238 3246 3247 3239
f 3247 3255 3248 3240
f 3240 3248 3249 3241
f 3241 3249 3250 3242
f 3242 3250 3251 3243
f 3243 3251 3252 3244
f 3244 3252 3253 3245
f 3245 3253 3254 3246
f 3246 3254 3255 3247
f 3255 3263 3256 3248
f 3248 3256 3257 3249
f 3249 3257 3258 3250
f 3250 3258 3259 3251
f 3251 3259 3260 3252
f 3252 3260 3261 3253
f 3253 3261 3262 3254
f 3254 3262 3263 3255
f 3263 3271 3264 3256
f 3256 3264 3265 3257
f 3257 3265 3266 3258
f 3258 3266 3267 3259
f 3259 3267 3268 3260
f 3260 3268 3269 3261
f 3261 3269 3270 3262
f 3262 3270 3271 3263
f 3271 3279 3272 3264
f 3264 3272 3273 3265
f 3265 3273 3274 3266
f 3266 3274 3275 3267
f 3267 3275 3276 3268
f 3268 3276 3277 3269
f 3269 3277 3278 3270
f 3270 3278 3279 3271
f 3279 3287 3280 3272
f 3272 3280 3281 3273
f 3273 3281 3282 3274
f 3274 3282 3283 3275
f 3275 3283 3284 3276
f 3276 3284 3285 3277
f 3277 3285 3286 3278
f 3278 3286 3287 3279
f 3287 3295 3288 3280
f 3280 3288 3289 3281
f 3281 3289 3290 3282
f 3282 3290 3291 3283
f 3283 3291 3292 3284
f 3284 3292 3293 3285
f 3285 3293 3294 3286
f 3286 3294 3295 3287
f 3295 3303 3296 3288
f 3288 3296 3297 3289
f 3289 3297 3298 3290
f 3290 3298 3299 3291
f 3291 3299 3300 3292
f 3292 3300 3301 3293
f 3293 3301 3302 3294
f 3294 3302 3303 3295
f 3303 3311 3304 3296
f 3296 3304 3305 3297
f 3297 3305 3306 3298
f 3298 3306 3307 3299
f 3299 3307 3308 3300
f 3300 3308 3309 3301
f 3301 3309 3310 3302
f 3302 3310 3311 3303
f 3311 3319 3312 3304
f 3304 3312 3313 3305
f 3305 3313 3314 3306
f 3306 3314 3315 3307
f 3307 3315 3316 3308
f 3308 3316 3317 3309
f 3309 3317 3318 3310
f 3310 3318 3319 3311
f 3319 3327 3320 3312
f 3312 3320 3321 3313
f 3313 3321 3322 3314
f 3314 3322 3323 3315
f 3315 3323 3324 3316
f 3316 3324 3325 3317
f 3317 3325 3326 3318
f 3318 3326 3327 3319
f 3327 3335 3328 3320
f 3320 3328 3329 3321
f 3321 3329 3330 3322
f 3322 3330 3331 3323
f 3323 3331 3332 3324
f 3324 3332 3333 3325
f 3325 3333 3334 3326
f 3326 3334 3335 3327
o Rastrillado_bunker_1_2
v 1.636974 0.052183 1.542296
v 1.636842 0.053229 1.539750
v 1.636974 0.052183 1.537204
v 1.637292 0.049657 1.536150
v 1.637609 0.047132 1.537204
v 1.637741 0.046085 1.539750
v 1.637609 0.047132 1.542296
v 1.637292 0.049657 1.543350
v 1.676639 0.057174 1.542296
v 1.676526 0.058223 1.539750
v 1.676639 0.057174 1.537204
v 1.676910 0.054643 1.536150
v 1.677181 0.052112 1.537204
v 1.677293 0.051064 1.539750
v 1.677181 0.052112 1.542296
v 1.676910 0.054643 1.543350
v 1.716336 0.060684 1.542296
v 1.716257 0.061735 1.539750
v 1.716336 0.060684 1.537204
v 1.716528 0.058145 1.536150
v 1.716719 0.055607 1.537204
v 1.716798 0.054555 1.539750
v 1.716719 0.055607 1.542296
v 1.716528 0.058145 1.543350
v 1.756013 0.063164 1.542296
v 1.755958 0.064217 1.539750
v 1.756013 0.063164 1.537204
v 1.756146 0.060622 1.536150
v 1.756279 0.058080 1.537204
v 1.756334 0.057027 1.539750
v 1.756279 0.058080 1.542296
v 1.756146 0.060622 1.543350
v 1.795679 0.064831 1.542296
v 1.795645 0.065885 1.539750
v 1.795679 0.064831 1.537204
v 1.795764 0.062287 1.536150
v 1.795848 0.059743 1.537204
v 1.795883 0.058689 1.539750
v 1.795848 0.059743 1.542296
v 1.795764 0.062287 1.543350
v 1.835341 0.065795 1.542296
v 1.835324 0.066849 1.539750
v 1.835341 0.065795 1.537204
v 1.835382 0.063250 1.536150
v 1.835423 0.060705 1.537204
v 1.835440 0.059650 1.539750
v 1.835423 0.060705 1.542296
v 1.835382 0.063250 1.543350
v 1.875000 0.066111 1.542296
v 1.875000 0.067165 1.539750
v 1.875000 0.066111 1.537204
v 1.875000 0.063565 1.536150
v 1.875000 0.061020 1.537204
v 1.875000 0.059965 1.539750
v 1.875000 0.061020 1.542296
v 1.875000 0.063565 1.543350
v 1.914659 0.065795 1.542296
v 1.914676 0.066849 1.539750
v 1.914659 0.065795 1.537204
v 1.914618 0.063250 1.536150
v 1.914577 0.060705 1.537204
v 1.914560 0.059650 1.539750
v 1.914577 0.060705 1.542296
v 1.914618 0.063250 1.543350
v 1.954321 0.064831 1.542296
v 1.954355 0.065885 1.539750
v 1.954321 0.064831 1.537204
v 1.954236 0.062287 1.536150
v 1.954152 0.059743 1.537204
v 1.954117 0.058689 1.539750
v 1.954152 0.059743 1.542296
v 1.954236 0.062287 1.543350
v 1.993987 0.063164 1.542296
v 1.994042 0.064217 1.539750
v 1.993987 0.063164 1.537204
v 1.993854 0.060622 1.536150
v 1.993721 0.058080 1.537204
v 1.993666 0.057027 1.539750
v 1.993721 0.058080 1.542296
v 1.993854 0.060622 1.543350
v 2.033664 0.060684 1.542296
v 2.033743 0.061735 1.539750
v 2.033664 0.060684 1.537204
v 2.033472 0.058145 1.536150
v 2.033281 0.055607 1.537204
v 2.033202 0.054555 1.539750
v 2.033281 0.055607 1.542296
v 2.033472 0.058145 1.543350
v 2.073361 0.057174 1.542296
v 2.073474 0.058223 1.539750
v 2.073361 0.057174 1.537204
v 2.073090 0.054643 1.536150
v 2.072819 0.052112 1.537204
v 2.072707 0.051064 1.539750
v 2.072819 0.052112 1.542296
v 2.073090 0.054643 1.543350
v 2.113026 0.052183 1.542296
v 2.113158 0.053229 1.539750
v 2.113026 0.052183 1.537204
v 2.112708 0.049657 1.536150
v 2.112391 0.047132 1.537204
v 2.112259 0.046085 1.539750
v 2.112391 0.047132 1.542296
v 2.112708 0.049657 1.543350
usemtl M015_Marcas_de_rastrillo
f 3343 3351 3344 3336
f 3336 3344 3345 3337
f 3337 3345 3346 3338
f 3338 3346 3347 3339
f 3339 3347 3348 3340
f 3340 3348 3349 3341
f 3341 3349 3350 3342
f 3342 3350 3351 3343
f 3351 3359 3352 3344
f 3344 3352 3353 3345
f 3345 3353 3354 3346
f 3346 3354 3355 3347
f 3347 3355 3356 3348
f 3348 3356 3357 3349
f 3349 3357 3358 3350
f 3350 3358 3359 3351
f 3359 3367 3360 3352
f 3352 3360 3361 3353
f 3353 3361 3362 3354
f 3354 3362 3363 3355
f 3355 3363 3364 3356
f 3356 3364 3365 3357
f 3357 3365 3366 3358
f 3358 3366 3367 3359
f 3367 3375 3368 3360
f 3360 3368 3369 3361
f 3361 3369 3370 3362
f 3362 3370 3371 3363
f 3363 3371 3372 3364
f 3364 3372 3373 3365
f 3365 3373 3374 3366
f 3366 3374 3375 3367
f 3375 3383 3376 3368
f 3368 3376 3377 3369
f 3369 3377 3378 3370
f 3370 3378 3379 3371
f 3371 3379 3380 3372
f 3372 3380 3381 3373
f 3373 3381 3382 3374
f 3374 3382 3383 3375
f 3383 3391 3384 3376
f 3376 3384 3385 3377
f 3377 3385 3386 3378
f 3378 3386 3387 3379
f 3379 3387 3388 3380
f 3380 3388 3389 3381
f 3381 3389 3390 3382
f 3382 3390 3391 3383
f 3391 3399 3392 3384
f 3384 3392 3393 3385
f 3385 3393 3394 3386
f 3386 3394 3395 3387
f 3387 3395 3396 3388
f 3388 3396 3397 3389
f 3389 3397 3398 3390
f 3390 3398 3399 3391
f 3399 3407 3400 3392
f 3392 3400 3401 3393
f 3393 3401 3402 3394
f 3394 3402 3403 3395
f 3395 3403 3404 3396
f 3396 3404 3405 3397
f 3397 3405 3406 3398
f 3398 3406 3407 3399
f 3407 3415 3408 3400
f 3400 3408 3409 3401
f 3401 3409 3410 3402
f 3402 3410 3411 3403
f 3403 3411 3412 3404
f 3404 3412 3413 3405
f 3405 3413 3414 3406
f 3406 3414 3415 3407
f 3415 3423 3416 3408
f 3408 3416 3417 3409
f 3409 3417 3418 3410
f 3410 3418 3419 3411
f 3411 3419 3420 3412
f 3412 3420 3421 3413
f 3413 3421 3422 3414
f 3414 3422 3423 3415
f 3423 3431 3424 3416
f 3416 3424 3425 3417
f 3417 3425 3426 3418
f 3418 3426 3427 3419
f 3419 3427 3428 3420
f 3420 3428 3429 3421
f 3421 3429 3430 3422
f 3422 3430 3431 3423
f 3431 3439 3432 3424
f 3424 3432 3433 3425
f 3425 3433 3434 3426
f 3426 3434 3435 3427
f 3427 3435 3436 3428
f 3428 3436 3437 3429
f 3429 3437 3438 3430
f 3430 3438 3439 3431
o Rastrillado_bunker_1_3
v 1.652918 0.050623 1.581296
v 1.652786 0.051669 1.578750
v 1.652918 0.050623 1.576204
v 1.653236 0.048097 1.575150
v 1.653554 0.045572 1.576204
v 1.653685 0.044525 1.578750
v 1.653554 0.045572 1.581296
v 1.653236 0.048097 1.582350
v 1.689926 0.055280 1.581296
v 1.689813 0.056328 1.578750
v 1.689926 0.055280 1.576204
v 1.690197 0.052749 1.575150
v 1.690468 0.050218 1.576204
v 1.690580 0.049169 1.578750
v 1.690468 0.050218 1.581296
v 1.690197 0.052749 1.582350
v 1.726966 0.058554 1.581296
v 1.726887 0.059606 1.578750
v 1.726966 0.058554 1.576204
v 1.727157 0.056016 1.575150
v 1.727349 0.053478 1.576204
v 1.727428 0.052426 1.578750
v 1.727349 0.053478 1.581296
v 1.727157 0.056016 1.582350
v 1.763985 0.060869 1.581296
v 1.763930 0.061922 1.578750
v 1.763985 0.060869 1.576204
v 1.764118 0.058327 1.575150
v 1.764251 0.055785 1.576204
v 1.764306 0.054732 1.578750
v 1.764251 0.055785 1.581296
v 1.764118 0.058327 1.582350
v 1.800994 0.062424 1.581296
v 1.800959 0.063478 1.578750
v 1.800994 0.062424 1.576204
v 1.801079 0.059880 1.575150
v 1.801163 0.057336 1.576204
v 1.801198 0.056282 1.578750
v 1.801163 0.057336 1.581296
v 1.801079 0.059880 1.582350
v 1.837998 0.063323 1.581296
v 1.837981 0.064378 1.578750
v 1.837998 0.063323 1.576204
v 1.838039 0.060778 1.575150
v 1.838080 0.058233 1.576204
v 1.838097 0.057179 1.578750
v 1.838080 0.058233 1.581296
v 1.838039 0.060778 1.582350
v 1.875000 0.063618 1.581296
v 1.875000 0.064672 1.578750
v 1.875000 0.063618 1.576204
v 1.875000 0.061072 1.575150
v 1.875000 0.058527 1.576204
v 1.875000 0.057472 1.578750
v 1.875000 0.058527 1.581296
v 1.875000 0.061072 1.582350
v 1.912002 0.063323 1.581296
v 1.912019 0.064378 1.578750
v 1.912002 0.063323 1.576204
v 1.911961 0.060778 1.575150
v 1.911920 0.058233 1.576204
v 1.911903 0.057179 1.578750
v 1.911920 0.058233 1.581296
v 1.911961 0.060778 1.582350
v 1.949006 0.062424 1.581296
v 1.949041 0.063478 1.578750
v 1.949006 0.062424 1.576204
v 1.948921 0.059880 1.575150
v 1.948837 0.057336 1.576204
v 1.948802 0.056282 1.578750
v 1.948837 0.057336 1.581296
v 1.948921 0.059880 1.582350
v 1.986015 0.060869 1.581296
v 1.986070 0.061922 1.578750
v 1.986015 0.060869 1.576204
v 1.985882 0.058327 1.575150
v 1.985749 0.055785 1.576204
v 1.985694 0.054732 1.578750
v 1.985749 0.055785 1.581296
v 1.985882 0.058327 1.582350
v 2.023034 0.058554 1.581296
v 2.023113 0.059606 1.578750
v 2.023034 0.058554 1.576204
v 2.022843 0.056016 1.575150
v 2.022651 0.053478 1.576204
v 2.022572 0.052426 1.578750
v 2.022651 0.053478 1.581296
v 2.022843 0.056016 1.582350
v 2.060074 0.055280 1.581296
v 2.060187 0.056328 1.578750
v 2.060074 0.055280 1.576204
v 2.059803 0.052749 1.575150
v 2.059532 0.050218 1.576204
v 2.059420 0.049169 1.578750
v 2.059532 0.050218 1.581296
v 2.059803 0.052749 1.582350
v 2.097082 0.050623 1.581296
v 2.097214 0.051669 1.578750
v 2.097082 0.050623 1.576204
v 2.096764 0.048097 1.575150
v 2.096446 0.045572 1.576204
v 2.096315 0.044525 1.578750
v 2.096446 0.045572 1.581296
v 2.096764 0.048097 1.582350
usemtl M015_Marcas_de_rastrillo
f 3447 3455 3448 3440
f 3440 3448 3449 3441
f 3441 3449 3450 3442
f 3442 3450 3451 3443
f 3443 3451 3452 3444
f 3444 3452 3453 3445
f 3445 3453 3454 3446
f 3446 3454 3455 3447
f 3455 3463 3456 3448
f 3448 3456 3457 3449
f 3449 3457 3458 3450
f 3450 3458 3459 3451
f 3451 3459 3460 3452
f 3452 3460 3461 3453
f 3453 3461 3462 3454
f 3454 3462 3463 3455
f 3463 3471 3464 3456
f 3456 3464 3465 3457
f 3457 3465 3466 3458
f 3458 3466 3467 3459
f 3459 3467 3468 3460
f 3460 3468 3469 3461
f 3461 3469 3470 3462
f 3462 3470 3471 3463
f 3471 3479 3472 3464
f 3464 3472 3473 3465
f 3465 3473 3474 3466
f 3466 3474 3475 3467
f 3467 3475 3476 3468
f 3468 3476 3477 3469
f 3469 3477 3478 3470
f 3470 3478 3479 3471
f 3479 3487 3480 3472
f 3472 3480 3481 3473
f 3473 3481 3482 3474
f 3474 3482 3483 3475
f 3475 3483 3484 3476
f 3476 3484 3485 3477
f 3477 3485 3486 3478
f 3478 3486 3487 3479
f 3487 3495 3488 3480
f 3480 3488 3489 3481
f 3481 3489 3490 3482
f 3482 3490 3491 3483
f 3483 3491 3492 3484
f 3484 3492 3493 3485
f 3485 3493 3494 3486
f 3486 3494 3495 3487
f 3495 3503 3496 3488
f 3488 3496 3497 3489
f 3489 3497 3498 3490
f 3490 3498 3499 3491
f 3491 3499 3500 3492
f 3492 3500 3501 3493
f 3493 3501 3502 3494
f 3494 3502 3503 3495
f 3503 3511 3504 3496
f 3496 3504 3505 3497
f 3497 3505 3506 3498
f 3498 3506 3507 3499
f 3499 3507 3508 3500
f 3500 3508 3509 3501
f 3501 3509 3510 3502
f 3502 3510 3511 3503
f 3511 3519 3512 3504
f 3504 3512 3513 3505
f 3505 3513 3514 3506
f 3506 3514 3515 3507
f 3507 3515 3516 3508
f 3508 3516 3517 3509
f 3509 3517 3518 3510
f 3510 3518 3519 3511
f 3519 3527 3520 3512
f 3512 3520 3521 3513
f 3513 3521 3522 3514
f 3514 3522 3523 3515
f 3515 3523 3524 3516
f 3516 3524 3525 3517
f 3517 3525 3526 3518
f 3518 3526 3527 3519
f 3527 3535 3528 3520
f 3520 3528 3529 3521
f 3521 3529 3530 3522
f 3522 3530 3531 3523
f 3523 3531 3532 3524
f 3524 3532 3533 3525
f 3525 3533 3534 3526
f 3526 3534 3535 3527
f 3535 3543 3536 3528
f 3528 3536 3537 3529
f 3529 3537 3538 3530
f 3530 3538 3539 3531
f 3531 3539 3540 3532
f 3532 3540 3541 3533
f 3533 3541 3542 3534
f 3534 3542 3543 3535
o Salida_azul
v -0.960000 0.018000 -1.821000
v -0.960000 0.072000 -1.843500
v -0.940500 0.018000 -1.826225
v -0.951750 0.072000 -1.845711
v -0.926225 0.018000 -1.840500
v -0.945711 0.072000 -1.851750
v -0.921000 0.018000 -1.860000
v -0.943500 0.072000 -1.860000
v -0.926225 0.018000 -1.879500
v -0.945711 0.072000 -1.868250
v -0.940500 0.018000 -1.893775
v -0.951750 0.072000 -1.874289
v -0.960000 0.018000 -1.899000
v -0.960000 0.072000 -1.876500
v -0.979500 0.018000 -1.893775
v -0.968250 0.072000 -1.874289
v -0.993775 0.018000 -1.879500
v -0.974289 0.072000 -1.868250
v -0.999000 0.018000 -1.860000
v -0.976500 0.072000 -1.860000
v -0.993775 0.018000 -1.840500
v -0.974289 0.072000 -1.851750
v -0.979500 0.018000 -1.826225
v -0.968250 0.072000 -1.845711
usemtl M016_Marcador_azul
f 3546 3547 3545 3544
f 3548 3549 3547 3546
f 3550 3551 3549 3548
f 3552 3553 3551 3550
f 3554 3555 3553 3552
f 3556 3557 3555 3554
f 3558 3559 3557 3556
f 3560 3561 3559 3558
f 3562 3563 3561 3560
f 3564 3565 3563 3562
f 3549 3551 3553 3555 3557 3559 3561 3563 3565 3567 3545 3547
f 3566 3567 3565 3564
f 3544 3545 3567 3566
f 3566 3564 3562 3560 3558 3556 3554 3552 3550 3548 3546 3544
o Salida_dorada
v -0.330000 0.018000 -1.821000
v -0.330000 0.072000 -1.843500
v -0.310500 0.018000 -1.826225
v -0.321750 0.072000 -1.845711
v -0.296225 0.018000 -1.840500
v -0.315711 0.072000 -1.851750
v -0.291000 0.018000 -1.860000
v -0.313500 0.072000 -1.860000
v -0.296225 0.018000 -1.879500
v -0.315711 0.072000 -1.868250
v -0.310500 0.018000 -1.893775
v -0.321750 0.072000 -1.874289
v -0.330000 0.018000 -1.899000
v -0.330000 0.072000 -1.876500
v -0.349500 0.018000 -1.893775
v -0.338250 0.072000 -1.874289
v -0.363775 0.018000 -1.879500
v -0.344289 0.072000 -1.868250
v -0.369000 0.018000 -1.860000
v -0.346500 0.072000 -1.860000
v -0.363775 0.018000 -1.840500
v -0.344289 0.072000 -1.851750
v -0.349500 0.018000 -1.826225
v -0.338250 0.072000 -1.845711
usemtl M017_Marcador_dorado
f 3570 3571 3569 3568
f 3572 3573 3571 3570
f 3574 3575 3573 3572
f 3576 3577 3575 3574
f 3578 3579 3577 3576
f 3580 3581 3579 3578
f 3582 3583 3581 3580
f 3584 3585 3583 3582
f 3586 3587 3585 3584
f 3588 3589 3587 3586
f 3573 3575 3577 3579 3581 3583 3585 3587 3589 3591 3569 3571
f 3590 3591 3589 3588
f 3568 3569 3591 3590
f 3590 3588 3586 3584 3582 3580 3578 3576 3574 3572 3570 3568
o Sendero_curvo
v 0.672791 0.041441 -2.010745
v 0.690000 0.055500 -2.040000
v 0.707209 0.041441 -2.069255
v 0.714337 0.007500 -2.081373
v 0.707209 -0.026441 -2.069255
v 0.690000 -0.040500 -2.040000
v 0.672791 -0.026441 -2.010745
v 0.665663 0.007500 -1.998627
v 1.179729 0.041441 -1.712777
v 1.200000 0.055500 -1.740000
v 1.220271 0.041441 -1.767223
v 1.228667 0.007500 -1.778499
v 1.220271 -0.026441 -1.767223
v 1.200000 -0.040500 -1.740000
v 1.179729 -0.026441 -1.712777
v 1.171333 0.007500 -1.701501
v 1.591251 0.041441 -1.331958
v 1.620000 0.055500 -1.350000
v 1.648749 0.041441 -1.368042
v 1.660657 0.007500 -1.375516
v 1.648749 -0.026441 -1.368042
v 1.620000 -0.040500 -1.350000
v 1.591251 -0.026441 -1.331958
v 1.579343 0.007500 -1.324484
v 1.706134 0.041441 -0.957739
v 1.740000 0.055500 -0.960000
v 1.773866 0.041441 -0.962261
v 1.787893 0.007500 -0.963198
v 1.773866 -0.026441 -0.962261
v 1.740000 -0.040500 -0.960000
v 1.706134 -0.026441 -0.957739
v 1.692107 0.007500 -0.956802
v 1.646271 0.041441 -0.603792
v 1.680000 0.055500 -0.600000
v 1.713729 0.041441 -0.596208
v 1.727700 0.007500 -0.594638
v 1.713729 -0.026441 -0.596208
v 1.680000 -0.040500 -0.600000
v 1.646271 -0.026441 -0.603792
v 1.632300 0.007500 -0.605362
v 1.616121 0.041441 -0.087946
v 1.650000 0.055500 -0.090000
v 1.683879 0.041441 -0.092054
v 1.697912 0.007500 -0.092905
v 1.683879 -0.026441 -0.092054
v 1.650000 -0.040500 -0.090000
v 1.616121 -0.026441 -0.087946
v 1.602088 0.007500 -0.087095
v 1.706443 0.041441 0.399911
v 1.740000 0.055500 0.405000
v 1.773557 0.041441 0.410089
v 1.787457 0.007500 0.412198
v 1.773557 -0.026441 0.410089
v 1.740000 -0.040500 0.405000
v 1.706443 -0.026441 0.399911
v 1.692543 0.007500 0.397802
v 1.529908 0.041441 0.734300
v 1.560000 0.055500 0.750000
v 1.590092 0.041441 0.765700
v 1.602556 0.007500 0.772203
v 1.590092 -0.026441 0.765700
v 1.560000 -0.040500 0.750000
v 1.529908 -0.026441 0.734300
v 1.517444 0.007500 0.727797
usemtl M018_Sendero_de_grava_clara
f 3599 3607 3600 3592
f 3592 3600 3601 3593
f 3593 3601 3602 3594
f 3594 3602 3603 3595
f 3595 3603 3604 3596
f 3596 3604 3605 3597
f 3597 3605 3606 3598
f 3598 3606 3607 3599
f 3607 3615 3608 3600
f 3600 3608 3609 3601
f 3601 3609 3610 3602
f 3602 3610 3611 3603
f 3603 3611 3612 3604
f 3604 3612 3613 3605
f 3605 3613 3614 3606
f 3606 3614 3615 3607
f 3615 3623 3616 3608
f 3608 3616 3617 3609
f 3609 3617 3618 3610
f 3610 3618 3619 3611
f 3611 3619 3620 3612
f 3612 3620 3621 3613
f 3613 3621 3622 3614
f 3614 3622 3623 3615
f 3623 3631 3624 3616
f 3616 3624 3625 3617
f 3617 3625 3626 3618
f 3618 3626 3627 3619
f 3619 3627 3628 3620
f 3620 3628 3629 3621
f 3621 3629 3630 3622
f 3622 3630 3631 3623
f 3631 3639 3632 3624
f 3624 3632 3633 3625
f 3625 3633 3634 3626
f 3626 3634 3635 3627
f 3627 3635 3636 3628
f 3628 3636 3637 3629
f 3629 3637 3638 3630
f 3630 3638 3639 3631
f 3639 3647 3640 3632
f 3632 3640 3641 3633
f 3633 3641 3642 3634
f 3634 3642 3643 3635
f 3635 3643 3644 3636
f 3636 3644 3645 3637
f 3637 3645 3646 3638
f 3638 3646 3647 3639
f 3647 3655 3648 3640
f 3640 3648 3649 3641
f 3641 3649 3650 3642
f 3642 3650 3651 3643
f 3643 3651 3652 3644
f 3644 3652 3653 3645
f 3645 3653 3654 3646
f 3646 3654 3655 3647
o Terreno_de_la_cancha
v -3.315000 -0.129000 -2.190000
v -3.315000 -0.081000 -2.250000
v -3.375000 -0.081000 -2.190000
v -3.315000 -0.114941 -2.232426
v -3.349641 -0.108713 -2.224641
v -3.357426 -0.081000 -2.232426
v -3.357426 -0.114941 -2.190000
v -3.315000 -0.051000 -2.250000
v -3.315000 -0.003000 -2.190000
v -3.375000 -0.051000 -2.190000
v -3.315000 -0.017059 -2.232426
v -3.349641 -0.023287 -2.224641
v -3.357426 -0.017059 -2.190000
v -3.357426 -0.051000 -2.232426
v -3.315000 -0.129000 2.190000
v -3.375000 -0.081000 2.190000
v -3.315000 -0.081000 2.250000
v -3.357426 -0.114941 2.190000
v -3.349641 -0.108713 2.224641
v -3.357426 -0.081000 2.232426
v -3.315000 -0.114941 2.232426
v -3.315000 -0.003000 2.190000
v -3.315000 -0.051000 2.250000
v -3.375000 -0.051000 2.190000
v -3.315000 -0.017059 2.232426
v -3.349641 -0.023287 2.224641
v -3.357426 -0.051000 2.232426
v -3.357426 -0.017059 2.190000
v 3.315000 -0.129000 -2.190000
v 3.375000 -0.081000 -2.190000
v 3.315000 -0.081000 -2.250000
v 3.357426 -0.114941 -2.190000
v 3.349641 -0.108713 -2.224641
v 3.357426 -0.081000 -2.232426
v 3.315000 -0.114941 -2.232426
v 3.315000 -0.003000 -2.190000
v 3.315000 -0.051000 -2.250000
v 3.375000 -0.051000 -2.190000
v 3.315000 -0.017059 -2.232426
v 3.349641 -0.023287 -2.224641
v 3.357426 -0.051000 -2.232426
v 3.357426 -0.017059 -2.190000
v 3.315000 -0.129000 2.190000
v 3.315000 -0.081000 2.250000
v 3.375000 -0.081000 2.190000
v 3.315000 -0.114941 2.232426
v 3.349641 -0.108713 2.224641
v 3.357426 -0.081000 2.232426
v 3.357426 -0.114941 2.190000
v 3.315000 -0.003000 2.190000
v 3.375000 -0.051000 2.190000
v 3.315000 -0.051000 2.250000
v 3.357426 -0.017059 2.190000
v 3.349641 -0.023287 2.224641
v 3.357426 -0.051000 2.232426
v 3.315000 -0.017059 2.232426
usemtl M019_Verde_campo
f 3662 3660 3659 3656
f 3659 3660 3661 3657
f 3661 3660 3662 3658
f 3669 3667 3666 3663
f 3666 3667 3668 3664
f 3668 3667 3669 3665
f 3676 3674 3673 3670
f 3673 3674 3675 3671
f 3675 3674 3676 3672
f 3683 3681 3680 3677
f 3680 3681 3682 3678
f 3682 3681 3683 3679
f 3690 3688 3687 3684
f 3687 3688 3689 3685
f 3689 3688 3690 3686
f 3697 3695 3694 3691
f 3694 3695 3696 3692
f 3696 3695 3697 3693
f 3704 3702 3701 3698
f 3701 3702 3703 3699
f 3703 3702 3704 3700
f 3711 3709 3708 3705
f 3708 3709 3710 3706
f 3710 3709 3711 3707
f 3673 3662 3656 3670
f 3671 3658 3662 3673
f 3661 3669 3663 3657
f 3658 3665 3669 3661
f 3668 3683 3677 3664
f 3665 3679 3683 3668
f 3682 3675 3672 3678
f 3679 3671 3675 3682
f 3701 3676 3670 3698
f 3699 3672 3676 3701
f 3680 3711 3705 3677
f 3678 3707 3711 3680
f 3710 3703 3700 3706
f 3707 3699 3703 3710
f 3687 3704 3698 3684
f 3685 3700 3704 3687
f 3708 3697 3691 3705
f 3706 3693 3697 3708
f 3696 3689 3686 3692
f 3693 3685 3689 3696
f 3659 3690 3684 3656
f 3657 3686 3690 3659
f 3694 3666 3664 3691
f 3692 3663 3666 3694
f 3656 3684 3698 3670
f 3671 3679 3665 3658
f 3657 3663 3692 3686
f 3691 3664 3677 3705
f 3699 3707 3678 3672
f 3685 3693 3706 3700
o Tronco_00
v -2.625000 -0.021375 1.380000
v -2.625000 0.252375 1.380000
v -2.656820 -0.021375 1.393180
v -2.656820 0.252375 1.393180
v -2.670000 -0.021375 1.425000
v -2.670000 0.252375 1.425000
v -2.656820 -0.021375 1.456820
v -2.656820 0.252375 1.456820
v -2.625000 -0.021375 1.470000
v -2.625000 0.252375 1.470000
v -2.593180 -0.021375 1.456820
v -2.593180 0.252375 1.456820
v -2.580000 -0.021375 1.425000
v -2.580000 0.252375 1.425000
v -2.593180 -0.021375 1.393180
v -2.593180 0.252375 1.393180
usemtl M020_Tronco
f 3714 3715 3713 3712
f 3716 3717 3715 3714
f 3718 3719 3717 3716
f 3720 3721 3719 3718
f 3722 3723 3721 3720
f 3724 3725 3723 3722
f 3717 3719 3721 3723 3725 3727 3713 3715
f 3726 3727 3725 3724
f 3712 3713 3727 3726
f 3726 3724 3722 3720 3718 3716 3714 3712
o Tronco_01
v -2.250000 -0.017156 -1.388250
v -2.250000 0.214406 -1.388250
v -2.277047 -0.017156 -1.377047
v -2.277047 0.214406 -1.377047
v -2.288250 -0.017156 -1.350000
v -2.288250 0.214406 -1.350000
v -2.277047 -0.017156 -1.322953
v -2.277047 0.214406 -1.322953
v -2.250000 -0.017156 -1.311750
v -2.250000 0.214406 -1.311750
v -2.222953 -0.017156 -1.322953
v -2.222953 0.214406 -1.322953
v -2.211750 -0.017156 -1.350000
v -2.211750 0.214406 -1.350000
v -2.222953 -0.017156 -1.377047
v -2.222953 0.214406 -1.377047
usemtl M020_Tronco
f 3730 3731 3729 3728
f 3732 3733 3731 3730
f 3734 3735 3733 3732
f 3736 3737 3735 3734
f 3738 3739 3737 3736
f 3740 3741 3739 3738
f 3733 3735 3737 3739 3741 3743 3729 3731
f 3742 3743 3741 3740
f 3728 3729 3743 3742
f 3742 3740 3738 3736 3734 3732 3730 3728
o Tronco_02
v -1.762500 -0.015750 1.689000
v -1.762500 0.201750 1.689000
v -1.787956 -0.015750 1.699544
v -1.787956 0.201750 1.699544
v -1.798500 -0.015750 1.725000
v -1.798500 0.201750 1.725000
v -1.787956 -0.015750 1.750456
v -1.787956 0.201750 1.750456
v -1.762500 -0.015750 1.761000
v -1.762500 0.201750 1.761000
v -1.737044 -0.015750 1.750456
v -1.737044 0.201750 1.750456
v -1.726500 -0.015750 1.725000
v -1.726500 0.201750 1.725000
v -1.737044 -0.015750 1.699544
v -1.737044 0.201750 1.699544
usemtl M020_Tronco
f 3746 3747 3745 3744
f 3748 3749 3747 3746
f 3750 3751 3749 3748
f 3752 3753 3751 3750
f 3754 3755 3753 3752
f 3756 3757 3755 3754
f 3749 3751 3753 3755 3757 3759 3745 3747
f 3758 3759 3757 3756
f 3744 3745 3759 3758
f 3758 3756 3754 3752 3750 3748 3746 3744
o Tronco_03
v 2.737500 -0.018563 1.684500
v 2.737500 0.227063 1.684500
v 2.708862 -0.018563 1.696362
v 2.708862 0.227063 1.696362
v 2.697000 -0.018563 1.725000
v 2.697000 0.227063 1.725000
v 2.708862 -0.018563 1.753638
v 2.708862 0.227063 1.753638
v 2.737500 -0.018563 1.765500
v 2.737500 0.227063 1.765500
v 2.766138 -0.018563 1.753638
v 2.766138 0.227063 1.753638
v 2.778000 -0.018563 1.725000
v 2.778000 0.227063 1.725000
v 2.766138 -0.018563 1.696362
v 2.766138 0.227063 1.696362
usemtl M020_Tronco
f 3762 3763 3761 3760
f 3764 3765 3763 3762
f 3766 3767 3765 3764
f 3768 3769 3767 3766
f 3770 3771 3769 3768
f 3772 3773 3771 3770
f 3765 3767 3769 3771 3773 3775 3761 3763
f 3774 3775 3773 3772
f 3760 3761 3775 3774
f 3774 3772 3770 3768 3766 3764 3762 3760
o Tronco_04
v 2.737500 -0.014344 0.641250
v 2.737500 0.189094 0.641250
v 2.713635 -0.014344 0.651135
v 2.713635 0.189094 0.651135
v 2.703750 -0.014344 0.675000
v 2.703750 0.189094 0.675000
v 2.713635 -0.014344 0.698865
v 2.713635 0.189094 0.698865
v 2.737500 -0.014344 0.708750
v 2.737500 0.189094 0.708750
v 2.761365 -0.014344 0.698865
v 2.761365 0.189094 0.698865
v 2.771250 -0.014344 0.675000
v 2.771250 0.189094 0.675000
v 2.761365 -0.014344 0.651135
v 2.761365 0.189094 0.651135
usemtl M020_Tronco
f 3778 3779 3777 3776
f 3780 3781 3779 3778
f 3782 3783 3781 3780
f 3784 3785 3783 3782
f 3786 3787 3785 3784
f 3788 3789 3787 3786
f 3781 3783 3785 3787 3789 3791 3777 3779
f 3790 3791 3789 3788
f 3776 3777 3791 3790
f 3790 3788 3786 3784 3782 3780 3778 3776
o Tronco_05
v -2.887500 -0.015750 0.039000
v -2.887500 0.201750 0.039000
v -2.912956 -0.015750 0.049544
v -2.912956 0.201750 0.049544
v -2.923500 -0.015750 0.075000
v -2.923500 0.201750 0.075000
v -2.912956 -0.015750 0.100456
v -2.912956 0.201750 0.100456
v -2.887500 -0.015750 0.111000
v -2.887500 0.201750 0.111000
v -2.862044 -0.015750 0.100456
v -2.862044 0.201750 0.100456
v -2.851500 -0.015750 0.075000
v -2.851500 0.201750 0.075000
v -2.862044 -0.015750 0.049544
v -2.862044 0.201750 0.049544
usemtl M020_Tronco
f 3794 3795 3793 3792
f 3796 3797 3795 3794
f 3798 3799 3797 3796
f 3800 3801 3799 3798
f 3802 3803 3801 3800
f 3804 3805 3803 3802
f 3797 3799 3801 3803 3805 3807 3793 3795
f 3806 3807 3805 3804
f 3792 3793 3807 3806
f 3806 3804 3802 3800 3798 3796 3794 3792
o Tronco_06
v 0.000000 -0.011531 1.845750
v 0.000000 0.163781 1.845750
v -0.020683 -0.011531 1.854317
v -0.020683 0.163781 1.854317
v -0.029250 -0.011531 1.875000
v -0.029250 0.163781 1.875000
v -0.020683 -0.011531 1.895683
v -0.020683 0.163781 1.895683
v -0.000000 -0.011531 1.904250
v -0.000000 0.163781 1.904250
v 0.020683 -0.011531 1.895683
v 0.020683 0.163781 1.895683
v 0.029250 -0.011531 1.875000
v 0.029250 0.163781 1.875000
v 0.020683 -0.011531 1.854317
v 0.020683 0.163781 1.854317
usemtl M020_Tronco
f 3810 3811 3809 3808
f 3812 3813 3811 3810
f 3814 3815 3813 3812
f 3816 3817 3815 3814
f 3818 3819 3817 3816
f 3820 3821 3819 3818
f 3813 3815 3817 3819 3821 3823 3809 3811
f 3822 3823 3821 3820
f 3808 3809 3823 3822
f 3822 3820 3818 3816 3814 3812 3810 3808
